,Class,Group,beam,channel,lat_lowestmode,lon_lowestmode,elev_lowestmode,delta_time,rh,land_cover_data/landsat_water_persistence,land_cover_data/landsat_treecover,land_cover_data/region_class,land_cover_data/urban_proportion,land_cover_data/urban_focal_window_size,shot_number
0,Pasture/Hay,Planted/Cultivated,3,1,42.49462530490683,-79.17357291460594,210.27713,133310989.03896038,"[-3.4  -3.1  -2.84 -2.65 -2.5  -2.39 -2.28 -2.16 -2.05 -1.98 -1.86 -1.79
 -1.72 -1.64 -1.57 -1.49 -1.42 -1.34 -1.3  -1.23 -1.15 -1.12 -1.04 -1.
 -0.93 -0.89 -0.82 -0.78 -0.74 -0.67 -0.63 -0.59 -0.52 -0.48 -0.44 -0.41
 -0.33 -0.29 -0.26 -0.22 -0.14 -0.11 -0.07 -0.03  0.03  0.07  0.11  0.14
  0.18  0.26  0.29  0.33  0.37  0.44  0.48  0.52  0.56  0.63  0.67  0.71
  0.74  0.82  0.86  0.89  0.97  1.    1.04  1.12  1.15  1.19  1.27  1.3
  1.38  1.42  1.45  1.53  1.6   1.64  1.72  1.75  1.83  1.9   1.98  2.05
  2.13  2.24  2.31  2.43  2.58  2.69  2.84  3.02  3.21  3.44  3.62  3.85
  4.07  4.26  4.48  4.71  5.01]",0,77.0,7,0,3,185640300200278180
1,Cultivated Crops,Planted/Cultivated,3,1,42.573042485110165,-79.01910277982131,197.23828,133310991.2703515,"[-3.92 -3.51 -3.17 -2.91 -2.73 -2.54 -2.39 -2.28 -2.16 -2.05 -1.98 -1.86
 -1.79 -1.72 -1.64 -1.57 -1.53 -1.45 -1.38 -1.34 -1.27 -1.23 -1.19 -1.12
 -1.08 -1.04 -0.97 -0.93 -0.89 -0.86 -0.82 -0.74 -0.71 -0.67 -0.63 -0.59
 -0.56 -0.52 -0.48 -0.44 -0.41 -0.37 -0.33 -0.29 -0.26 -0.22 -0.18 -0.14
 -0.11 -0.07 -0.03  0.    0.03  0.07  0.11  0.14  0.18  0.22  0.26  0.29
  0.33  0.37  0.41  0.44  0.48  0.52  0.56  0.59  0.63  0.67  0.71  0.74
  0.78  0.82  0.89  0.93  0.97  1.    1.08  1.12  1.15  1.23  1.27  1.3
  1.38  1.42  1.49  1.57  1.6   1.68  1.75  1.83  1.94  2.01  2.13  2.24
  2.35  2.5   2.73  2.99  3.47]",0,0.0,7,0,3,185640300200278450
2,Deciduous Forest,Forest,3,1,42.57593383779211,-79.01335999292642,196.26129,133310991.3529915,"[-4.63 -4.3  -4.   -3.77 -3.55 -3.32 -3.17 -2.99 -2.87 -2.73 -2.61 -2.5
 -2.39 -2.28 -2.2  -2.09 -2.01 -1.94 -1.86 -1.79 -1.72 -1.64 -1.6  -1.53
 -1.45 -1.42 -1.34 -1.3  -1.23 -1.19 -1.12 -1.08 -1.04 -0.97 -0.93 -0.89
 -0.82 -0.78 -0.74 -0.71 -0.63 -0.59 -0.56 -0.52 -0.48 -0.44 -0.37 -0.33
 -0.29 -0.26 -0.22 -0.18 -0.14 -0.07 -0.03  0.    0.03  0.07  0.11  0.14
  0.22  0.26  0.29  0.33  0.37  0.41  0.48  0.52  0.56  0.59  0.63  0.71
  0.74  0.78  0.86  0.89  0.93  1.    1.04  1.08  1.15  1.19  1.27  1.34
  1.38  1.45  1.53  1.6   1.68  1.75  1.83  1.9   2.01  2.13  2.24  2.35
  2.5   2.69  2.87  3.17  3.7 ]",0,0.0,7,0,3,185640300200278460
3,Cultivated Crops,Planted/Cultivated,3,1,42.5874933117978,-78.9903934164402,200.4361,133310991.6836055,"[-4.22 -3.96 -3.7  -3.51 -3.32 -3.17 -3.02 -2.91 -2.8  -2.69 -2.58 -2.46
 -2.39 -2.31 -2.24 -2.13 -2.05 -1.98 -1.94 -1.86 -1.79 -1.72 -1.68 -1.6
 -1.53 -1.49 -1.42 -1.38 -1.3  -1.27 -1.19 -1.15 -1.12 -1.04 -1.   -0.97
 -0.89 -0.86 -0.82 -0.74 -0.71 -0.67 -0.63 -0.56 -0.52 -0.48 -0.44 -0.41
 -0.33 -0.29 -0.26 -0.22 -0.18 -0.14 -0.11 -0.03  0.    0.03  0.07  0.11
  0.14  0.22  0.26  0.29  0.33  0.37  0.44  0.48  0.52  0.56  0.59  0.67
  0.71  0.74  0.78  0.86  0.89  0.97  1.    1.04  1.12  1.15  1.23  1.3
  1.34  1.42  1.49  1.53  1.6   1.68  1.79  1.86  1.94  2.05  2.16  2.28
  2.43  2.61  2.8   3.06  3.55]",0,0.0,7,0,3,185640300200278500
4,Woody Wetlands,Wetlands,3,1,44.96601474609749,-73.80925780058347,238.38057,133311063.24552906,"[-3.92 -3.47 -3.06 -2.73 -2.46 -2.24 -2.05 -1.9  -1.75 -1.64 -1.49 -1.38
 -1.27 -1.19 -1.08 -1.   -0.93 -0.82 -0.74 -0.67 -0.59 -0.52 -0.44 -0.41
 -0.33 -0.26 -0.18 -0.14 -0.07  0.    0.03  0.11  0.18  0.26  0.29  0.37
  0.44  0.52  0.59  0.67  0.74  0.82  0.89  0.97  1.08  1.15  1.27  1.34
  1.45  1.57  1.68  1.79  1.9   2.01  2.13  2.28  2.43  2.61  2.8   2.99
  3.25  3.47  3.73  3.96  4.18  4.37  4.56  4.74  4.93  5.12  5.31  5.49
  5.72  5.94  6.17  6.43  6.65  6.91  7.18  7.4   7.66  7.92  8.19  8.41
  8.63  8.82  9.05  9.23  9.42  9.61  9.83 10.02 10.28 10.5  10.77 11.03
 11.33 11.66 12.08 12.49 12.97]",0,100.0,7,0,3,185640300200287120
5,Woody Wetlands,Wetlands,3,1,44.96860019088868,-73.80302104206004,234.53108,133311063.32816903,"[-3.88 -3.32 -2.95 -2.61 -2.35 -2.13 -1.94 -1.79 -1.64 -1.49 -1.38 -1.23
 -1.15 -1.04 -0.93 -0.86 -0.74 -0.67 -0.59 -0.48 -0.41 -0.33 -0.26 -0.18
 -0.07  0.    0.07  0.14  0.22  0.29  0.41  0.48  0.56  0.63  0.74  0.82
  0.89  1.    1.08  1.15  1.27  1.34  1.45  1.57  1.68  1.79  1.9   2.01
  2.16  2.35  2.54  2.8   3.1   3.55  4.15  4.86  5.42  5.87  6.24  6.61
  6.95  7.33  7.7   8.07  8.41  8.75  9.08  9.46  9.79 10.13 10.39 10.65
 10.92 11.18 11.4  11.66 11.89 12.11 12.34 12.56 12.79 13.05 13.27 13.53
 13.76 14.02 14.24 14.47 14.73 14.95 15.22 15.52 15.82 16.11 16.45 16.75
 17.05 17.35 17.65 18.02 18.62]",0,92.0,7,0,3,185640300200287130
6,Deciduous Forest,Forest,3,1,44.971186290298206,-73.7967836808756,237.25179,133311063.41080904,"[-5.08 -4.6  -4.18 -3.85 -3.59 -3.36 -3.17 -2.99 -2.84 -2.69 -2.54 -2.43
 -2.28 -2.16 -2.05 -1.94 -1.83 -1.72 -1.64 -1.57 -1.45 -1.38 -1.3  -1.23
 -1.19 -1.12 -1.04 -1.   -0.93 -0.89 -0.82 -0.78 -0.71 -0.67 -0.59 -0.56
 -0.52 -0.44 -0.41 -0.37 -0.29 -0.26 -0.22 -0.18 -0.11 -0.07 -0.03  0.03
  0.07  0.11  0.14  0.22  0.26  0.29  0.37  0.41  0.44  0.52  0.56  0.59
  0.67  0.71  0.74  0.82  0.86  0.93  0.97  1.04  1.08  1.15  1.19  1.27
  1.34  1.38  1.45  1.53  1.6   1.68  1.75  1.83  1.9   1.98  2.05  2.16
  2.24  2.35  2.43  2.54  2.65  2.76  2.87  2.99  3.1   3.25  3.4   3.55
  3.7   3.88  4.15  4.45  4.93]",0,100.0,7,0,3,185640300200287140
7,Pasture/Hay,Planted/Cultivated,3,1,44.973770643899805,-73.79054134481662,244.76437,133311063.49345703,"[-3.55 -3.32 -3.14 -2.95 -2.8  -2.69 -2.54 -2.43 -2.35 -2.24 -2.16 -2.05
 -1.98 -1.9  -1.83 -1.75 -1.68 -1.64 -1.57 -1.49 -1.45 -1.38 -1.34 -1.27
 -1.23 -1.15 -1.12 -1.08 -1.   -0.97 -0.93 -0.89 -0.82 -0.78 -0.74 -0.71
 -0.67 -0.59 -0.56 -0.52 -0.48 -0.44 -0.41 -0.37 -0.29 -0.26 -0.22 -0.18
 -0.14 -0.11 -0.07 -0.03  0.    0.03  0.07  0.11  0.18  0.22  0.26  0.29
  0.33  0.37  0.41  0.44  0.48  0.56  0.59  0.63  0.67  0.71  0.78  0.82
  0.86  0.89  0.97  1.    1.04  1.12  1.15  1.19  1.27  1.3   1.38  1.45
  1.49  1.57  1.64  1.72  1.79  1.86  1.94  2.05  2.13  2.24  2.35  2.46
  2.61  2.8   2.99  3.29  3.7 ]",0,99.0,7,0,3,185640300200287150
8,Deciduous Forest,Forest,3,1,44.97635082364022,-73.78431029780934,234.30135,133311063.57611704,"[-3.92 -3.62 -3.4  -3.17 -3.02 -2.84 -2.73 -2.58 -2.46 -2.39 -2.28 -2.2
 -2.09 -2.01 -1.94 -1.86 -1.79 -1.75 -1.68 -1.6  -1.57 -1.49 -1.42 -1.38
 -1.34 -1.27 -1.23 -1.15 -1.12 -1.08 -1.   -0.97 -0.93 -0.89 -0.86 -0.78
 -0.74 -0.71 -0.67 -0.63 -0.59 -0.52 -0.48 -0.44 -0.41 -0.37 -0.33 -0.29
 -0.26 -0.22 -0.18 -0.14 -0.07 -0.03  0.    0.03  0.07  0.11  0.14  0.18
  0.22  0.26  0.29  0.33  0.41  0.44  0.48  0.52  0.56  0.59  0.63  0.71
  0.74  0.78  0.82  0.89  0.93  0.97  1.    1.08  1.12  1.19  1.23  1.3
  1.34  1.42  1.49  1.53  1.6   1.68  1.75  1.83  1.94  2.01  2.13  2.24
  2.39  2.54  2.73  3.02  3.47]",0,100.0,7,0,3,185640300200287160
9,Developed Open Space,Developed,5,2,42.45130987067768,-79.24316097840872,301.3043,133310988.3199363,"[-3.88 -3.55 -3.25 -2.99 -2.8  -2.61 -2.46 -2.35 -2.2  -2.09 -1.98 -1.9
 -1.79 -1.71 -1.64 -1.57 -1.49 -1.42 -1.34 -1.27 -1.19 -1.15 -1.08 -1.
 -0.97 -0.89 -0.85 -0.78 -0.74 -0.67 -0.63 -0.59 -0.52 -0.48 -0.44 -0.37
 -0.33 -0.29 -0.22 -0.18 -0.14 -0.11 -0.03  0.    0.03  0.11  0.14  0.18
  0.26  0.29  0.33  0.41  0.44  0.48  0.56  0.59  0.63  0.71  0.74  0.82
  0.85  0.93  1.    1.04  1.12  1.19  1.27  1.34  1.42  1.49  1.57  1.68
  1.75  1.86  1.98  2.13  2.28  2.46  2.69  2.99  3.43  4.11  5.    5.86
  6.76  7.85  8.86  9.68 10.46 11.21 11.92 12.59 13.23 13.86 14.46 15.02
 15.58 16.15 16.74 17.42 18.2 ]",0,20.0,7,0,3,185640500200278164
10,Mixed Forest,Forest,5,2,42.46289543713607,-79.22028833391015,296.45648,133310988.6505423,"[-3.55 -3.21 -2.91 -2.69 -2.46 -2.28 -2.09 -1.94 -1.83 -1.68 -1.57 -1.45
 -1.34 -1.23 -1.15 -1.04 -0.97 -0.89 -0.78 -0.71 -0.63 -0.56 -0.48 -0.41
 -0.33 -0.26 -0.18 -0.11 -0.03  0.03  0.11  0.18  0.26  0.33  0.41  0.48
  0.56  0.63  0.74  0.82  0.89  1.    1.12  1.19  1.3   1.45  1.57  1.71
  1.9   2.09  2.39  2.8   3.58  4.86  6.5   8.59 10.2  11.29 12.26 13.34
 14.35 15.14 15.7  16.11 16.52 16.86 17.15 17.45 17.75 18.05 18.31 18.61
 18.87 19.14 19.4  19.62 19.88 20.11 20.33 20.59 20.82 21.04 21.23 21.45
 21.68 21.87 22.09 22.31 22.5  22.72 22.95 23.17 23.4  23.62 23.88 24.11
 24.37 24.67 25.04 25.45 26.09]",0,100.0,7,0,3,185640500200278204
11,Mixed Forest,Forest,5,2,42.465801856085605,-79.21457251842908,305.4995,133310988.73319183,"[-5.57 -4.56 -3.96 -3.62 -3.32 -3.1  -2.87 -2.69 -2.54 -2.39 -2.24 -2.13
 -2.01 -1.9  -1.79 -1.71 -1.64 -1.57 -1.49 -1.42 -1.34 -1.27 -1.19 -1.15
 -1.08 -1.04 -0.97 -0.93 -0.89 -0.82 -0.78 -0.74 -0.67 -0.63 -0.59 -0.56
 -0.52 -0.48 -0.41 -0.37 -0.33 -0.29 -0.26 -0.22 -0.18 -0.14 -0.11 -0.07
 -0.03  0.03  0.07  0.11  0.14  0.18  0.22  0.26  0.29  0.33  0.37  0.44
  0.48  0.52  0.56  0.59  0.63  0.71  0.74  0.78  0.85  0.89  0.93  1.
  1.04  1.12  1.15  1.23  1.27  1.34  1.42  1.49  1.57  1.64  1.71  1.83
  1.94  2.01  2.16  2.28  2.43  2.57  2.76  2.95  3.14  3.36  3.62  3.85
  4.14  4.48  4.93  5.57  6.43]",0,0.0,7,0,3,185640500200278214
12,Deciduous Forest,Forest,5,2,42.46870056697871,-79.20888053647187,282.12515,133310988.81583184,"[-3.55 -3.32 -3.1  -2.91 -2.72 -2.57 -2.46 -2.35 -2.24 -2.13 -2.01 -1.94
 -1.83 -1.75 -1.68 -1.6  -1.53 -1.45 -1.42 -1.34 -1.27 -1.19 -1.15 -1.08
 -1.04 -0.97 -0.93 -0.85 -0.82 -0.78 -0.71 -0.67 -0.63 -0.56 -0.52 -0.48
 -0.44 -0.37 -0.33 -0.29 -0.26 -0.18 -0.14 -0.11 -0.07 -0.03  0.03  0.07
  0.11  0.14  0.18  0.26  0.29  0.33  0.37  0.44  0.48  0.52  0.59  0.63
  0.67  0.74  0.78  0.82  0.89  0.93  1.    1.04  1.12  1.19  1.23  1.3
  1.38  1.45  1.53  1.6   1.68  1.75  1.86  1.94  2.05  2.16  2.31  2.46
  2.65  2.87  3.14  3.51  4.    4.63  5.34  6.09  6.76  7.36  7.92  8.41
  8.86  9.34  9.79 10.31 10.87]",0,96.0,7,0,3,185640500200278224
13,Mixed Forest,Forest,5,2,42.47160006767046,-79.20315598082395,289.2533,133310988.89847185,"[-4.18 -3.85 -3.58 -3.36 -3.14 -2.95 -2.8  -2.69 -2.54 -2.43 -2.31 -2.2
 -2.13 -2.05 -1.94 -1.86 -1.79 -1.71 -1.68 -1.6  -1.53 -1.49 -1.42 -1.38
 -1.3  -1.27 -1.19 -1.15 -1.12 -1.04 -1.   -0.97 -0.93 -0.85 -0.82 -0.78
 -0.74 -0.71 -0.67 -0.63 -0.59 -0.56 -0.48 -0.44 -0.41 -0.37 -0.33 -0.29
 -0.26 -0.22 -0.18 -0.14 -0.11 -0.07 -0.03  0.    0.03  0.07  0.11  0.14
  0.18  0.22  0.26  0.29  0.33  0.37  0.41  0.44  0.48  0.52  0.56  0.59
  0.67  0.71  0.74  0.78  0.82  0.85  0.93  0.97  1.    1.08  1.12  1.19
  1.23  1.3   1.34  1.42  1.49  1.57  1.64  1.71  1.83  1.9   2.01  2.13
  2.28  2.46  2.69  2.99  3.55]",0,0.0,7,0,3,185640500200278234
14,Deciduous Forest,Forest,5,2,42.4744968227908,-79.19743331600948,284.4194,133310988.98111184,"[-3.73 -3.36 -3.06 -2.8  -2.57 -2.39 -2.24 -2.09 -1.98 -1.86 -1.75 -1.64
 -1.57 -1.49 -1.38 -1.3  -1.23 -1.15 -1.08 -1.04 -0.97 -0.89 -0.82 -0.78
 -0.71 -0.67 -0.59 -0.52 -0.48 -0.41 -0.37 -0.29 -0.26 -0.22 -0.14 -0.11
 -0.03  0.    0.07  0.11  0.14  0.22  0.26  0.33  0.37  0.44  0.48  0.56
  0.63  0.67  0.74  0.82  0.85  0.93  1.    1.08  1.15  1.23  1.3   1.38
  1.49  1.57  1.68  1.79  1.9   2.05  2.2   2.35  2.57  2.8   3.1   3.43
  3.85  4.29  4.71  5.08  5.49  5.86  6.2   6.57  6.91  7.29  7.62  8.
  8.41  8.78  9.19  9.6  10.01 10.39 10.76 11.14 11.51 11.88 12.26 12.63
 13.04 13.49 14.01 14.61 15.4 ]",0,99.0,7,0,3,185640500200278244
15,Deciduous Forest,Forest,5,2,42.47739313701426,-79.19172295182724,256.52972,133310989.06375185,"[-3.47 -3.14 -2.84 -2.61 -2.43 -2.24 -2.09 -1.98 -1.86 -1.75 -1.64 -1.53
 -1.45 -1.34 -1.27 -1.19 -1.12 -1.04 -0.97 -0.89 -0.82 -0.78 -0.71 -0.63
 -0.59 -0.52 -0.44 -0.41 -0.33 -0.29 -0.22 -0.18 -0.11 -0.07  0.    0.03
  0.11  0.14  0.22  0.26  0.33  0.41  0.44  0.52  0.56  0.63  0.71  0.78
  0.82  0.89  0.97  1.04  1.12  1.23  1.3   1.42  1.49  1.6   1.75  1.9
  2.05  2.28  2.54  2.99  3.88  5.49  6.57  7.55  8.44  9.3  10.05 10.65
 11.21 11.66 12.11 12.52 12.89 13.27 13.64 13.98 14.31 14.65 14.99 15.32
 15.66 16.   16.33 16.67 17.01 17.3  17.6  17.9  18.2  18.5  18.8  19.14
 19.51 19.92 20.37 20.89 21.64]",0,98.0,7,0,3,185640500200278254
16,Mixed Forest,Forest,5,2,42.48029701591623,-79.18598938292801,256.68106,133310989.14639184,"[-4.14 -3.73 -3.4  -3.14 -2.87 -2.69 -2.5  -2.35 -2.24 -2.09 -1.98 -1.86
 -1.79 -1.68 -1.6  -1.49 -1.42 -1.34 -1.27 -1.19 -1.12 -1.04 -0.97 -0.93
 -0.85 -0.78 -0.74 -0.67 -0.59 -0.56 -0.48 -0.41 -0.37 -0.29 -0.26 -0.18
 -0.14 -0.07 -0.03  0.03  0.07  0.14  0.18  0.26  0.29  0.37  0.44  0.48
  0.56  0.59  0.67  0.74  0.82  0.85  0.93  1.    1.08  1.15  1.23  1.34
  1.42  1.49  1.6   1.71  1.83  1.98  2.13  2.31  2.54  2.84  3.43  4.74
  7.55  9.45 10.54 11.43 12.15 12.74 13.23 13.68 14.09 14.46 14.8  15.1
 15.4  15.7  15.96 16.26 16.56 16.86 17.15 17.45 17.79 18.13 18.5  18.91
 19.29 19.73 20.18 20.74 21.53]",0,96.0,7,0,3,185640500200278264
17,Cultivated Crops,Planted/Cultivated,5,2,42.483195705214406,-79.18028250254665,232.55937,133310989.22903185,"[-3.47 -3.21 -2.99 -2.8  -2.65 -2.5  -2.39 -2.28 -2.16 -2.09 -1.98 -1.9
 -1.83 -1.75 -1.68 -1.6  -1.57 -1.49 -1.45 -1.38 -1.34 -1.27 -1.23 -1.15
 -1.12 -1.08 -1.04 -0.97 -0.93 -0.89 -0.85 -0.82 -0.78 -0.74 -0.71 -0.63
 -0.59 -0.56 -0.52 -0.48 -0.44 -0.41 -0.37 -0.33 -0.29 -0.26 -0.22 -0.18
 -0.14 -0.11 -0.07 -0.03  0.    0.03  0.03  0.07  0.11  0.14  0.18  0.22
  0.26  0.29  0.33  0.37  0.41  0.44  0.48  0.56  0.59  0.63  0.67  0.71
  0.74  0.78  0.82  0.85  0.93  0.97  1.    1.04  1.12  1.15  1.19  1.27
  1.3   1.38  1.45  1.49  1.57  1.64  1.71  1.79  1.9   1.98  2.09  2.2
  2.35  2.5   2.69  2.95  3.43]",0,0.0,7,0,3,185640500200278274
18,Developed Open Space,Developed,5,2,42.48609408810759,-79.17457605917551,220.78203,133310989.31167184,"[-3.73 -3.43 -3.21 -3.02 -2.84 -2.69 -2.57 -2.46 -2.35 -2.24 -2.13 -2.05
 -1.98 -1.9  -1.83 -1.75 -1.68 -1.6  -1.57 -1.49 -1.45 -1.38 -1.34 -1.27
 -1.23 -1.15 -1.12 -1.08 -1.04 -0.97 -0.93 -0.89 -0.85 -0.82 -0.74 -0.71
 -0.67 -0.63 -0.59 -0.56 -0.52 -0.48 -0.44 -0.41 -0.37 -0.33 -0.29 -0.26
 -0.22 -0.18 -0.14 -0.11 -0.07 -0.03  0.    0.03  0.07  0.11  0.14  0.18
  0.22  0.26  0.33  0.37  0.41  0.44  0.48  0.52  0.56  0.59  0.63  0.67
  0.71  0.78  0.82  0.85  0.89  0.93  1.    1.04  1.08  1.15  1.19  1.27
  1.3   1.38  1.42  1.49  1.57  1.64  1.71  1.79  1.9   1.98  2.09  2.2
  2.35  2.54  2.72  3.02  3.55]",0,0.0,7,0,3,185640500200278284
19,Mixed Forest,Forest,5,2,42.55986952234476,-79.02932672778917,190.2832,133310991.41083902,"[-3.88 -3.58 -3.32 -3.1  -2.91 -2.72 -2.57 -2.43 -2.28 -2.16 -2.05 -1.94
 -1.83 -1.71 -1.6  -1.53 -1.42 -1.34 -1.27 -1.15 -1.08 -1.   -0.93 -0.85
 -0.78 -0.71 -0.63 -0.56 -0.48 -0.41 -0.33 -0.26 -0.18 -0.11 -0.03  0.03
  0.11  0.18  0.22  0.29  0.37  0.44  0.52  0.59  0.67  0.74  0.85  0.93
  1.    1.08  1.15  1.27  1.34  1.45  1.53  1.64  1.75  1.86  1.98  2.09
  2.2   2.35  2.5   2.65  2.84  3.02  3.25  3.51  3.81  4.18  4.59  5.15
  5.86  6.72  7.7   8.63  9.53 10.46 11.4  12.22 12.97 13.72 14.46 15.21
 15.92 16.59 17.19 17.72 18.24 18.72 19.21 19.7  20.15 20.59 21.01 21.45
 21.94 22.43 22.99 23.58 24.3 ]",0,100.0,7,0,3,185640500200278534
20,Deciduous Forest,Forest,5,2,44.96236063852045,-73.79929901147561,233.53659,133311063.67530856,"[-4.03 -3.58 -3.21 -2.91 -2.69 -2.46 -2.28 -2.13 -1.98 -1.86 -1.75 -1.64
 -1.53 -1.45 -1.34 -1.27 -1.19 -1.12 -1.04 -0.97 -0.89 -0.82 -0.78 -0.71
 -0.63 -0.59 -0.52 -0.44 -0.41 -0.33 -0.29 -0.22 -0.18 -0.11 -0.07  0.
  0.03  0.11  0.14  0.22  0.26  0.33  0.37  0.44  0.48  0.56  0.63  0.67
  0.74  0.82  0.89  0.97  1.04  1.12  1.19  1.27  1.38  1.49  1.57  1.71
  1.83  2.01  2.2   2.43  2.76  3.25  3.88  4.52  5.08  5.64  6.16  6.69
  7.21  7.7   8.18  8.63  9.12  9.6  10.09 10.58 11.1  11.62 12.15 12.59
 13.04 13.42 13.79 14.13 14.46 14.8  15.1  15.4  15.7  16.   16.33 16.67
 17.04 17.49 18.05 18.69 19.62]",0,100.0,7,0,3,185640500200287224
21,Mixed Forest,Forest,5,2,44.96493984063824,-73.79306180016094,229.81807,133311063.75795215,"[-5.72 -4.86 -4.33 -3.92 -3.62 -3.36 -3.1  -2.91 -2.72 -2.57 -2.43 -2.28
 -2.16 -2.05 -1.94 -1.86 -1.75 -1.68 -1.6  -1.53 -1.45 -1.42 -1.34 -1.27
 -1.23 -1.15 -1.12 -1.04 -1.   -0.97 -0.89 -0.85 -0.82 -0.78 -0.74 -0.67
 -0.63 -0.59 -0.56 -0.52 -0.48 -0.44 -0.41 -0.33 -0.29 -0.26 -0.22 -0.18
 -0.14 -0.11 -0.07 -0.03  0.    0.03  0.07  0.11  0.14  0.18  0.22  0.26
  0.29  0.33  0.37  0.44  0.48  0.52  0.56  0.59  0.63  0.67  0.74  0.78
  0.82  0.85  0.93  0.97  1.    1.08  1.12  1.15  1.23  1.27  1.34  1.38
  1.45  1.53  1.6   1.68  1.71  1.83  1.9   1.98  2.09  2.2   2.31  2.43
  2.61  2.8   3.06  3.4   4.33]",0,85.0,7,0,3,185640500200287234
22,Mixed Forest,Forest,5,2,44.96752298277422,-73.78681682943609,234.94022,133311063.84059216,"[-4.71 -4.18 -3.81 -3.51 -3.25 -3.02 -2.84 -2.69 -2.54 -2.43 -2.31 -2.2
 -2.09 -2.01 -1.94 -1.86 -1.79 -1.71 -1.64 -1.57 -1.49 -1.45 -1.38 -1.34
 -1.27 -1.23 -1.15 -1.12 -1.08 -1.   -0.97 -0.93 -0.89 -0.85 -0.78 -0.74
 -0.71 -0.67 -0.63 -0.59 -0.56 -0.52 -0.48 -0.44 -0.41 -0.37 -0.33 -0.26
 -0.22 -0.18 -0.14 -0.11 -0.07 -0.03  0.    0.03  0.07  0.11  0.14  0.18
  0.22  0.26  0.29  0.33  0.37  0.41  0.44  0.48  0.52  0.56  0.59  0.63
  0.67  0.74  0.78  0.82  0.85  0.89  0.97  1.    1.04  1.12  1.15  1.23
  1.27  1.34  1.42  1.49  1.53  1.6   1.71  1.79  1.86  1.98  2.13  2.24
  2.43  2.61  2.87  3.32  4.26]",0,95.0,7,0,3,185640500200287244
23,Deciduous Forest,Forest,5,2,44.97010880696266,-73.78057528852923,235.97551,133311063.92323215,"[-4.41 -3.96 -3.62 -3.32 -3.1  -2.87 -2.72 -2.54 -2.43 -2.28 -2.16 -2.05
 -1.98 -1.86 -1.79 -1.71 -1.64 -1.57 -1.49 -1.42 -1.34 -1.27 -1.23 -1.15
 -1.12 -1.04 -1.   -0.93 -0.89 -0.82 -0.78 -0.74 -0.67 -0.63 -0.59 -0.56
 -0.48 -0.44 -0.41 -0.37 -0.29 -0.26 -0.22 -0.18 -0.14 -0.11 -0.03  0.
  0.03  0.07  0.11  0.18  0.22  0.26  0.29  0.33  0.41  0.44  0.48  0.52
  0.59  0.63  0.67  0.74  0.78  0.85  0.89  0.93  1.    1.08  1.12  1.19
  1.23  1.3   1.38  1.45  1.53  1.6   1.71  1.79  1.9   2.01  2.13  2.28
  2.43  2.61  2.84  3.14  3.51  4.    4.59  5.15  5.68  6.2   6.72  7.21
  7.77  8.37  9.08  9.98 11.02]",0,96.0,7,0,3,185640500200287254
24,Deciduous Forest,Forest,6,3,42.393947930098754,-79.34195212587726,323.7316,133310986.77864473,"[-3.58 -3.36 -3.14 -2.99 -2.84 -2.69 -2.57 -2.43 -2.35 -2.24 -2.13 -2.01
 -1.94 -1.86 -1.75 -1.68 -1.6  -1.53 -1.45 -1.38 -1.34 -1.27 -1.19 -1.15
 -1.08 -1.04 -1.   -0.93 -0.89 -0.85 -0.78 -0.74 -0.71 -0.67 -0.63 -0.59
 -0.52 -0.48 -0.44 -0.41 -0.37 -0.33 -0.29 -0.26 -0.22 -0.18 -0.14 -0.11
 -0.07 -0.03  0.    0.03  0.07  0.11  0.14  0.18  0.22  0.26  0.29  0.37
  0.41  0.44  0.48  0.52  0.56  0.59  0.63  0.67  0.74  0.78  0.82  0.85
  0.93  0.97  1.    1.08  1.12  1.15  1.23  1.27  1.34  1.38  1.45  1.53
  1.6   1.64  1.71  1.79  1.86  1.94  2.05  2.13  2.24  2.31  2.46  2.57
  2.72  2.87  3.06  3.29  3.58]",0,10.0,7,0,3,185640600200277554
25,Pasture/Hay,Planted/Cultivated,6,3,42.40849371203144,-79.31348264458695,268.18823,133310987.1918447,"[-4.82 -4.33 -3.96 -3.66 -3.36 -3.14 -2.91 -2.69 -2.54 -2.35 -2.2  -2.09
 -1.98 -1.86 -1.79 -1.68 -1.6  -1.53 -1.45 -1.42 -1.34 -1.3  -1.23 -1.19
 -1.12 -1.08 -1.04 -1.   -0.93 -0.89 -0.85 -0.82 -0.78 -0.74 -0.71 -0.67
 -0.63 -0.59 -0.56 -0.52 -0.48 -0.44 -0.41 -0.37 -0.33 -0.29 -0.26 -0.22
 -0.18 -0.18 -0.14 -0.11 -0.07 -0.03  0.    0.03  0.07  0.11  0.14  0.18
  0.18  0.22  0.26  0.29  0.33  0.37  0.41  0.44  0.48  0.52  0.56  0.59
  0.63  0.67  0.71  0.74  0.78  0.82  0.85  0.93  0.97  1.    1.04  1.12
  1.15  1.19  1.27  1.3   1.38  1.42  1.49  1.57  1.64  1.71  1.83  1.94
  2.05  2.2   2.39  2.69  3.32]",0,0.0,7,0,3,185640600200277604
26,Pasture/Hay,Planted/Cultivated,6,3,42.45568164307176,-79.22091001464753,335.8819,133310988.5306853,"[-3.85 -3.58 -3.32 -3.14 -2.95 -2.8  -2.65 -2.54 -2.39 -2.31 -2.2  -2.09
 -2.01 -1.94 -1.86 -1.79 -1.71 -1.64 -1.57 -1.53 -1.45 -1.42 -1.34 -1.27
 -1.23 -1.19 -1.12 -1.08 -1.04 -0.97 -0.93 -0.89 -0.82 -0.78 -0.74 -0.71
 -0.67 -0.63 -0.56 -0.52 -0.48 -0.44 -0.41 -0.37 -0.33 -0.29 -0.22 -0.18
 -0.14 -0.11 -0.07 -0.03  0.    0.03  0.07  0.11  0.14  0.18  0.22  0.29
  0.33  0.37  0.41  0.44  0.48  0.52  0.56  0.63  0.67  0.71  0.74  0.78
  0.85  0.89  0.93  1.    1.04  1.08  1.15  1.19  1.27  1.3   1.38  1.42
  1.49  1.57  1.64  1.71  1.79  1.86  1.94  2.05  2.13  2.24  2.35  2.5
  2.65  2.84  3.06  3.36  3.85]",0,0.0,7,0,3,185640600200277764
27,Deciduous Forest,Forest,6,3,42.45857494325992,-79.2152120844758,311.8478,133310988.6133453,"[-3.85 -3.51 -3.21 -2.95 -2.76 -2.57 -2.43 -2.28 -2.13 -2.01 -1.9  -1.79
 -1.71 -1.6  -1.53 -1.45 -1.38 -1.3  -1.23 -1.15 -1.08 -1.   -0.97 -0.89
 -0.82 -0.78 -0.71 -0.67 -0.59 -0.56 -0.48 -0.44 -0.37 -0.33 -0.29 -0.22
 -0.18 -0.11 -0.07  0.    0.03  0.07  0.14  0.18  0.26  0.29  0.33  0.41
  0.44  0.52  0.56  0.63  0.71  0.74  0.82  0.85  0.93  1.    1.08  1.15
  1.23  1.3   1.38  1.45  1.53  1.64  1.71  1.83  1.94  2.05  2.16  2.31
  2.46  2.65  2.84  3.06  3.29  3.58  3.88  4.26  4.63  5.04  5.45  5.9
  6.31  6.72  7.14  7.55  7.96  8.33  8.74  9.12  9.53  9.94 10.35 10.8
 11.29 11.81 12.37 12.93 13.68]",0,89.0,7,0,3,185640600200277774
28,Mixed Forest,Forest,6,3,42.461479361429134,-79.20949794100702,316.81323,133310988.69600384,"[-3.96 -3.66 -3.4  -3.17 -2.95 -2.8  -2.61 -2.5  -2.35 -2.24 -2.13 -2.01
 -1.9  -1.83 -1.71 -1.64 -1.57 -1.49 -1.38 -1.34 -1.27 -1.19 -1.12 -1.04
 -0.97 -0.93 -0.85 -0.82 -0.74 -0.67 -0.63 -0.56 -0.52 -0.44 -0.41 -0.33
 -0.29 -0.22 -0.18 -0.14 -0.07 -0.03  0.03  0.07  0.14  0.18  0.26  0.29
  0.33  0.41  0.44  0.52  0.56  0.63  0.71  0.74  0.82  0.89  0.93  1.
  1.08  1.15  1.23  1.27  1.38  1.45  1.53  1.6   1.71  1.79  1.9   2.01
  2.13  2.28  2.43  2.57  2.76  2.99  3.29  3.58  4.    4.48  5.04  5.64
  6.39  7.32  8.22  9.04  9.94 11.02 12.11 13.04 13.83 14.46 15.02 15.55
 16.07 16.6  17.16 17.75 18.46]",0,100.0,7,0,3,185640600200277784
29,Deciduous Forest,Forest,6,3,42.46438095847406,-79.2037988623892,304.68903,133310988.77864385,"[-3.58 -3.29 -2.99 -2.76 -2.57 -2.39 -2.24 -2.13 -1.98 -1.86 -1.79 -1.68
 -1.6  -1.49 -1.42 -1.34 -1.27 -1.19 -1.12 -1.04 -1.   -0.93 -0.85 -0.82
 -0.74 -0.71 -0.63 -0.59 -0.52 -0.48 -0.41 -0.37 -0.33 -0.26 -0.22 -0.14
 -0.11 -0.07  0.    0.03  0.07  0.14  0.18  0.22  0.29  0.33  0.41  0.44
  0.52  0.56  0.63  0.67  0.74  0.78  0.85  0.93  1.    1.08  1.15  1.23
  1.3   1.38  1.49  1.6   1.71  1.83  1.98  2.16  2.43  2.76  3.51  5.6
  6.87  7.85  8.74  9.45 10.01 10.46 10.87 11.25 11.59 11.92 12.22 12.52
 12.82 13.12 13.42 13.72 14.02 14.31 14.58 14.88 15.17 15.47 15.77 16.07
 16.45 16.82 17.27 17.79 18.46]",0,61.0,7,0,3,185640600200277794
30,Pasture/Hay,Planted/Cultivated,6,3,42.46727915472558,-79.19808992810579,296.908,133310988.86128384,"[-4.15 -3.77 -3.43 -3.21 -2.99 -2.8  -2.65 -2.5  -2.39 -2.28 -2.16 -2.09
 -1.98 -1.9  -1.83 -1.75 -1.68 -1.6  -1.53 -1.49 -1.42 -1.34 -1.3  -1.23
 -1.19 -1.15 -1.08 -1.04 -0.97 -0.93 -0.89 -0.85 -0.78 -0.74 -0.71 -0.67
 -0.63 -0.56 -0.52 -0.48 -0.44 -0.41 -0.37 -0.33 -0.29 -0.26 -0.22 -0.14
 -0.11 -0.07 -0.03  0.    0.03  0.07  0.11  0.14  0.18  0.22  0.29  0.33
  0.37  0.41  0.44  0.48  0.52  0.59  0.63  0.67  0.71  0.74  0.82  0.85
  0.89  0.97  1.    1.04  1.12  1.15  1.23  1.3   1.34  1.42  1.49  1.57
  1.64  1.71  1.83  1.9   2.01  2.13  2.28  2.43  2.57  2.8   3.06  3.36
  3.81  4.37  5.04  5.86  6.8 ]",0,0.0,7,0,3,185640600200277804
31,Mixed Forest,Forest,6,3,42.47017678465439,-79.1923633240233,301.18536,133310988.94392385,"[-4.03 -3.62 -3.29 -3.02 -2.8  -2.61 -2.43 -2.28 -2.13 -2.01 -1.9  -1.79
 -1.68 -1.6  -1.49 -1.42 -1.34 -1.23 -1.15 -1.08 -1.   -0.93 -0.89 -0.82
 -0.74 -0.67 -0.63 -0.56 -0.48 -0.44 -0.37 -0.29 -0.26 -0.18 -0.14 -0.07
  0.    0.03  0.11  0.14  0.22  0.29  0.33  0.41  0.48  0.52  0.59  0.67
  0.74  0.82  0.89  0.93  1.04  1.12  1.19  1.27  1.38  1.49  1.6   1.71
  1.86  2.01  2.24  2.5   2.91  3.77  5.04  6.16  7.17  8.18  9.01  9.64
 10.24 10.76 11.29 11.77 12.3  12.78 13.23 13.64 14.02 14.35 14.73 15.06
 15.44 15.77 16.15 16.48 16.86 17.27 17.68 18.09 18.54 19.03 19.51 20.
 20.48 21.04 21.64 22.32 23.21]",0,98.0,7,0,3,185640600200277814
32,Cultivated Crops,Planted/Cultivated,6,3,42.47306977586678,-79.18665814710903,269.06668,133310989.02656384,"[-4.03 -3.66 -3.4  -3.14 -2.95 -2.76 -2.65 -2.5  -2.39 -2.28 -2.16 -2.09
 -2.01 -1.9  -1.83 -1.75 -1.71 -1.64 -1.57 -1.53 -1.45 -1.38 -1.34 -1.3
 -1.23 -1.19 -1.15 -1.08 -1.04 -1.   -0.97 -0.89 -0.85 -0.82 -0.78 -0.74
 -0.71 -0.67 -0.63 -0.59 -0.56 -0.52 -0.48 -0.44 -0.41 -0.37 -0.33 -0.29
 -0.26 -0.22 -0.18 -0.14 -0.11 -0.07 -0.03  0.    0.03  0.07  0.11  0.14
  0.18  0.22  0.26  0.29  0.33  0.37  0.41  0.44  0.48  0.52  0.56  0.59
  0.63  0.67  0.71  0.78  0.82  0.85  0.89  0.93  1.    1.04  1.08  1.15
  1.19  1.27  1.3   1.38  1.42  1.49  1.57  1.64  1.71  1.83  1.9   2.01
  2.16  2.31  2.5   2.76  3.32]",0,0.0,7,0,3,185640600200277824
33,Deciduous Forest,Forest,6,3,42.475969151394914,-79.1809383134851,250.76772,133310989.10920385,"[-4.29 -3.88 -3.55 -3.25 -3.02 -2.84 -2.69 -2.54 -2.39 -2.28 -2.16 -2.05
 -1.98 -1.86 -1.79 -1.71 -1.64 -1.57 -1.49 -1.42 -1.34 -1.27 -1.19 -1.15
 -1.08 -1.   -0.97 -0.89 -0.85 -0.78 -0.74 -0.71 -0.63 -0.59 -0.52 -0.48
 -0.44 -0.37 -0.33 -0.29 -0.22 -0.18 -0.14 -0.07 -0.03  0.    0.03  0.11
  0.14  0.18  0.26  0.29  0.33  0.41  0.44  0.48  0.56  0.59  0.67  0.71
  0.78  0.82  0.89  0.93  1.    1.08  1.15  1.23  1.3   1.38  1.45  1.53
  1.64  1.71  1.86  1.98  2.13  2.31  2.54  2.84  3.29  3.85  4.48  5.04
  5.6   6.09  6.61  7.14  7.66  8.18  8.67  9.12  9.6  10.09 10.61 11.21
 11.81 12.45 13.12 13.87 14.76]",0,0.0,7,0,3,185640600200277834
34,Deciduous Forest,Forest,6,3,42.56131081034737,-79.01280336592944,178.43433,133310991.53895004,"[-3.29 -3.06 -2.87 -2.65 -2.5  -2.35 -2.2  -2.05 -1.9  -1.79 -1.64 -1.53
 -1.42 -1.3  -1.23 -1.12 -1.04 -0.93 -0.85 -0.78 -0.71 -0.63 -0.56 -0.48
 -0.41 -0.33 -0.26 -0.18 -0.11 -0.07  0.    0.07  0.14  0.22  0.29  0.37
  0.41  0.48  0.56  0.63  0.71  0.78  0.89  0.97  1.04  1.12  1.19  1.3
  1.38  1.45  1.57  1.64  1.75  1.86  1.94  2.05  2.16  2.24  2.35  2.46
  2.54  2.65  2.72  2.84  2.95  3.02  3.14  3.25  3.36  3.51  3.66  3.81
  4.    4.22  4.44  4.67  4.86  5.04  5.19  5.38  5.53  5.72  5.86  6.05
  6.24  6.43  6.65  6.84  7.06  7.29  7.58  7.88  8.18  8.48  8.78  9.01
  9.23  9.45  9.68  9.9  10.16]",0,96.0,7,0,3,185640600200278124
35,Deciduous Forest,Forest,6,3,44.9093814936537,-73.91089505437546,366.63586,133311062.09264494,"[-3.58 -3.32 -3.1  -2.91 -2.76 -2.61 -2.5  -2.35 -2.28 -2.16 -2.09 -1.98
 -1.9  -1.83 -1.75 -1.68 -1.64 -1.57 -1.49 -1.45 -1.38 -1.34 -1.27 -1.23
 -1.19 -1.12 -1.08 -1.04 -0.97 -0.93 -0.89 -0.85 -0.82 -0.78 -0.71 -0.67
 -0.63 -0.59 -0.56 -0.52 -0.48 -0.44 -0.41 -0.37 -0.33 -0.29 -0.26 -0.22
 -0.18 -0.14 -0.11 -0.07 -0.03  0.    0.03  0.07  0.11  0.14  0.18  0.22
  0.26  0.33  0.37  0.41  0.44  0.48  0.52  0.56  0.59  0.63  0.67  0.71
  0.78  0.82  0.85  0.89  0.97  1.    1.04  1.12  1.15  1.19  1.27  1.3
  1.38  1.45  1.53  1.57  1.64  1.75  1.83  1.9   2.01  2.13  2.24  2.39
  2.54  2.76  3.02  3.36  3.88]",0,0.0,7,0,3,185640600200286584
36,Pasture/Hay,Planted/Cultivated,6,3,44.95908718563,-73.79132391796963,235.54547,133311063.67944156,"[-4.59 -4.11 -3.77 -3.51 -3.29 -3.06 -2.91 -2.76 -2.61 -2.5  -2.39 -2.28
 -2.2  -2.09 -2.01 -1.94 -1.86 -1.79 -1.71 -1.64 -1.6  -1.53 -1.45 -1.42
 -1.34 -1.3  -1.27 -1.19 -1.15 -1.12 -1.04 -1.   -0.97 -0.93 -0.89 -0.82
 -0.78 -0.74 -0.71 -0.67 -0.63 -0.59 -0.56 -0.52 -0.48 -0.44 -0.41 -0.37
 -0.33 -0.29 -0.26 -0.22 -0.18 -0.14 -0.11 -0.07 -0.03  0.    0.03  0.07
  0.11  0.14  0.18  0.22  0.26  0.29  0.33  0.37  0.41  0.44  0.48  0.52
  0.56  0.59  0.63  0.71  0.74  0.78  0.82  0.85  0.89  0.97  1.    1.04
  1.12  1.15  1.23  1.27  1.34  1.42  1.49  1.57  1.64  1.71  1.83  1.94
  2.05  2.2   2.39  2.69  3.32]",0,0.0,7,0,3,185640600200286774
37,Pasture/Hay,Planted/Cultivated,6,3,44.96166680415721,-73.7850831167034,236.01578,133311063.76208416,"[-4.29 -3.92 -3.62 -3.36 -3.14 -2.99 -2.84 -2.69 -2.54 -2.43 -2.31 -2.24
 -2.13 -2.05 -1.98 -1.9  -1.83 -1.75 -1.68 -1.6  -1.57 -1.49 -1.42 -1.38
 -1.3  -1.27 -1.23 -1.15 -1.12 -1.08 -1.   -0.97 -0.93 -0.89 -0.82 -0.78
 -0.74 -0.71 -0.67 -0.63 -0.59 -0.56 -0.48 -0.44 -0.41 -0.37 -0.33 -0.29
 -0.26 -0.22 -0.18 -0.14 -0.11 -0.07 -0.03  0.    0.03  0.07  0.11  0.14
  0.18  0.26  0.29  0.33  0.37  0.41  0.44  0.48  0.52  0.56  0.59  0.67
  0.71  0.74  0.78  0.82  0.89  0.93  0.97  1.04  1.08  1.12  1.19  1.23
  1.3   1.34  1.42  1.49  1.57  1.64  1.71  1.79  1.86  1.98  2.09  2.2
  2.35  2.5   2.72  3.02  3.62]",0,0.0,7,0,3,185640600200286784
38,Pasture/Hay,Planted/Cultivated,6,3,44.96424854410508,-73.77884428467071,233.73924,133311063.84472416,"[-4.93 -4.29 -3.88 -3.58 -3.32 -3.1  -2.91 -2.76 -2.61 -2.5  -2.39 -2.28
 -2.16 -2.05 -1.98 -1.9  -1.83 -1.75 -1.68 -1.6  -1.53 -1.49 -1.42 -1.34
 -1.3  -1.23 -1.19 -1.12 -1.08 -1.04 -0.97 -0.93 -0.89 -0.85 -0.78 -0.74
 -0.71 -0.67 -0.63 -0.56 -0.52 -0.48 -0.44 -0.41 -0.37 -0.33 -0.29 -0.22
 -0.18 -0.14 -0.11 -0.07 -0.03  0.    0.03  0.07  0.11  0.14  0.18  0.26
  0.29  0.33  0.37  0.41  0.44  0.48  0.52  0.59  0.63  0.67  0.71  0.78
  0.82  0.85  0.89  0.97  1.    1.08  1.12  1.19  1.23  1.3   1.38  1.45
  1.53  1.6   1.68  1.75  1.86  1.98  2.09  2.24  2.39  2.61  2.91  3.36
  4.11  5.04  6.24  7.7   9.16]",0,0.0,7,0,3,185640600200286794
39,Deciduous Forest,Forest,6,3,44.9668318224911,-73.77261352897625,221.74194,133311063.92736416,"[-3.25 -2.54 -2.13 -1.83 -1.57 -1.34 -1.12 -0.93 -0.78 -0.63 -0.44 -0.29
 -0.14  0.    0.14  0.29  0.44  0.59  0.78  0.93  1.12  1.3   1.49  1.71
  1.98  2.2   2.46  2.76  3.06  3.32  3.58  3.85  4.07  4.26  4.48  4.67
  4.89  5.08  5.3   5.53  5.72  5.94  6.13  6.31  6.5   6.65  6.84  6.99
  7.1   7.25  7.4   7.51  7.66  7.77  7.88  8.03  8.15  8.3   8.41  8.52
  8.63  8.74  8.89  9.01  9.12  9.23  9.34  9.45  9.57  9.68  9.79  9.94
 10.05 10.16 10.28 10.39 10.5  10.61 10.73 10.84 10.95 11.1  11.21 11.36
 11.47 11.62 11.77 11.92 12.07 12.22 12.37 12.56 12.74 12.93 13.16 13.38
 13.64 13.98 14.35 14.8  15.51]",0,100.0,7,0,3,185640600200286804
40,Pasture/Hay,Planted/Cultivated,8,4,42.420923143069416,-79.27391192530925,344.8152,133310988.04722424,"[-3.88 -3.69 -3.47 -3.28 -3.1  -2.95 -2.8  -2.65 -2.54 -2.42 -2.31 -2.2
 -2.13 -2.01 -1.94 -1.86 -1.79 -1.71 -1.64 -1.56 -1.49 -1.45 -1.38 -1.3
 -1.27 -1.19 -1.15 -1.08 -1.04 -0.97 -0.93 -0.89 -0.82 -0.78 -0.71 -0.67
 -0.63 -0.59 -0.52 -0.48 -0.44 -0.37 -0.33 -0.29 -0.26 -0.22 -0.14 -0.11
 -0.07 -0.03  0.03  0.07  0.11  0.14  0.22  0.26  0.29  0.33  0.41  0.44
  0.48  0.52  0.59  0.63  0.67  0.74  0.78  0.82  0.89  0.93  0.97  1.04
  1.08  1.15  1.19  1.27  1.3   1.38  1.42  1.49  1.56  1.6   1.68  1.75
  1.83  1.86  1.94  2.01  2.13  2.2   2.27  2.35  2.46  2.54  2.65  2.76
  2.87  3.02  3.17  3.36  3.62]",0,0.0,7,0,3,185640800200277504
41,Mixed Forest,Forest,8,4,42.43255733335925,-79.25102641062033,393.27228,133310988.37778428,"[-4.14 -3.84 -3.55 -3.32 -3.13 -2.95 -2.8  -2.65 -2.5  -2.39 -2.27 -2.16
 -2.05 -1.98 -1.9  -1.79 -1.71 -1.64 -1.56 -1.53 -1.45 -1.38 -1.3  -1.27
 -1.19 -1.15 -1.08 -1.04 -0.97 -0.93 -0.85 -0.82 -0.78 -0.71 -0.67 -0.63
 -0.59 -0.52 -0.48 -0.44 -0.41 -0.33 -0.29 -0.26 -0.22 -0.18 -0.11 -0.07
 -0.03  0.    0.03  0.07  0.14  0.18  0.22  0.26  0.29  0.37  0.41  0.44
  0.48  0.56  0.59  0.63  0.67  0.74  0.78  0.82  0.89  0.93  1.    1.04
  1.12  1.15  1.23  1.3   1.34  1.42  1.49  1.56  1.64  1.71  1.79  1.9
  2.01  2.09  2.2   2.35  2.46  2.61  2.8   2.95  3.17  3.4   3.62  3.88
  4.14  4.48  4.82  5.23  5.86]",0,0.0,7,0,3,185640800200277544
42,Pasture/Hay,Planted/Cultivated,8,4,42.43545053801699,-79.24531135464704,387.78098,133310988.46042426,"[-4.82 -4.29 -3.84 -3.47 -3.17 -2.91 -2.72 -2.54 -2.39 -2.24 -2.13 -1.98
 -1.9  -1.79 -1.71 -1.6  -1.53 -1.45 -1.38 -1.34 -1.27 -1.19 -1.15 -1.08
 -1.04 -0.97 -0.93 -0.89 -0.82 -0.78 -0.74 -0.71 -0.63 -0.59 -0.56 -0.52
 -0.48 -0.44 -0.37 -0.33 -0.29 -0.26 -0.22 -0.18 -0.14 -0.11 -0.03  0.
  0.03  0.07  0.11  0.14  0.18  0.22  0.29  0.33  0.37  0.41  0.44  0.48
  0.56  0.59  0.63  0.67  0.71  0.78  0.82  0.85  0.93  0.97  1.04  1.08
  1.15  1.19  1.27  1.3   1.38  1.45  1.53  1.6   1.68  1.75  1.83  1.94
  2.01  2.13  2.24  2.35  2.5   2.61  2.76  2.91  3.06  3.25  3.43  3.66
  3.88  4.14  4.44  4.82  5.34]",0,0.0,7,0,3,185640800200277554
43,Deciduous Forest,Forest,8,4,42.44704318061567,-79.22250817120889,337.20978,133310988.79103988,"[-4.550e+00 -3.990e+00 -3.550e+00 -3.130e+00 -2.760e+00 -2.420e+00
 -2.130e+00 -1.860e+00 -1.640e+00 -1.450e+00 -1.300e+00 -1.150e+00
 -1.000e+00 -8.900e-01 -7.400e-01 -6.300e-01 -5.200e-01 -4.100e-01
 -2.900e-01 -1.800e-01 -7.000e-02  3.000e-02  1.400e-01  2.600e-01
  3.700e-01  4.800e-01  5.900e-01  7.100e-01  8.200e-01  9.300e-01
  1.040e+00  1.190e+00  1.300e+00  1.420e+00  1.560e+00  1.710e+00
  1.860e+00  1.980e+00  2.160e+00  2.310e+00  2.460e+00  2.650e+00
  2.840e+00  3.020e+00  3.250e+00  3.430e+00  3.660e+00  3.880e+00
  4.110e+00  4.330e+00  4.550e+00  4.780e+00  5.040e+00  5.260e+00
  5.560e+00  5.860e+00  6.160e+00  6.500e+00  6.830e+00  7.130e+00
  7.430e+00  7.730e+00  8.070e+00  8.400e+00  8.820e+00  9.260e+00
  9.710e+00  1.016e+01  1.065e+01  1.117e+01  1.181e+01  1.255e+01
  1.334e+01  1.405e+01  1.472e+01  1.551e+01  1.636e+01  1.715e+01
  1.778e+01  1.838e+01  1.902e+01  1.954e+01  1.999e+01  2.048e+01
  2.100e+01  2.148e+01  2.193e+01  2.231e+01  2.272e+01  2.317e+01
  2.365e+01  2.421e+01  2.496e+01  2.589e+01  2.660e+01  2.728e+01
  2.799e+01  2.896e+01  2.963e+01  3.012e+01  3.060e+01]",0,100.0,7,0,3,185640800200277594
44,Mixed Forest,Forest,8,4,42.44994727171992,-79.2167801245147,354.7089,133310988.87367988,"[-4.03 -3.25 -2.76 -2.42 -2.13 -1.86 -1.64 -1.45 -1.3  -1.15 -1.04 -0.89
 -0.78 -0.67 -0.56 -0.44 -0.33 -0.26 -0.14 -0.03  0.07  0.14  0.26  0.37
  0.48  0.56  0.67  0.78  0.93  1.04  1.15  1.3   1.45  1.6   1.75  1.98
  2.2   2.42  2.72  3.06  3.36  3.66  4.03  4.48  5.15  5.94  6.72  7.51
  8.37  9.53 10.68 11.58 12.18 12.63 13.04 13.45 13.82 14.27 14.68 15.13
 15.54 15.88 16.22 16.51 16.78 17.   17.26 17.49 17.71 17.93 18.2  18.42
 18.68 18.94 19.21 19.5  19.77 20.03 20.33 20.59 20.89 21.19 21.48 21.75
 22.01 22.27 22.53 22.76 23.02 23.24 23.47 23.69 23.95 24.18 24.47 24.77
 25.07 25.45 25.86 26.34 27.09]",0,100.0,7,0,3,185640800200277604
45,Deciduous Forest,Forest,8,4,42.45284098924292,-79.21107391200769,336.30963,133310988.95631988,"[-3.51 -3.17 -2.87 -2.65 -2.46 -2.31 -2.16 -2.01 -1.9  -1.79 -1.68 -1.6
 -1.53 -1.42 -1.34 -1.27 -1.19 -1.12 -1.08 -1.   -0.93 -0.89 -0.82 -0.74
 -0.71 -0.63 -0.59 -0.52 -0.48 -0.44 -0.37 -0.33 -0.26 -0.22 -0.18 -0.11
 -0.07 -0.03  0.03  0.07  0.14  0.18  0.22  0.29  0.33  0.37  0.44  0.48
  0.56  0.59  0.67  0.71  0.78  0.85  0.89  0.97  1.04  1.12  1.19  1.27
  1.34  1.42  1.53  1.64  1.75  1.86  2.01  2.16  2.35  2.61  2.95  3.51
  4.37  5.34  6.27  7.21  8.03  8.7   9.26  9.82 10.38 10.91 11.47 12.03
 12.59 13.08 13.52 13.94 14.35 14.72 15.09 15.51 15.92 16.36 16.85 17.34
 17.82 18.35 18.83 19.43 20.18]",0,99.0,7,0,3,185640800200277614
46,Deciduous Forest,Forest,8,4,42.45573951013312,-79.2053524537718,327.55093,133310989.03895988,"[-4.07 -3.69 -3.36 -3.1  -2.87 -2.69 -2.54 -2.39 -2.24 -2.13 -2.01 -1.9
 -1.83 -1.71 -1.64 -1.56 -1.49 -1.42 -1.34 -1.27 -1.19 -1.12 -1.04 -1.
 -0.93 -0.89 -0.82 -0.74 -0.71 -0.63 -0.59 -0.56 -0.48 -0.44 -0.37 -0.33
 -0.29 -0.22 -0.18 -0.14 -0.07 -0.03  0.03  0.07  0.11  0.18  0.22  0.26
  0.33  0.37  0.44  0.48  0.52  0.59  0.63  0.71  0.78  0.82  0.89  0.93
  1.    1.08  1.15  1.23  1.3   1.38  1.45  1.53  1.64  1.71  1.83  1.94
  2.09  2.24  2.39  2.61  2.84  3.17  3.58  4.14  4.93  5.97  7.02  7.81
  8.59  9.41 10.2  10.91 11.51 12.03 12.55 13.08 13.64 14.23 14.87 15.54
 16.22 16.89 17.56 18.23 19.02]",0,85.0,7,0,3,185640800200277624
47,Deciduous Forest,Forest,8,4,42.45864183374101,-79.19962676596411,320.33777,133310989.12159988,"[-3.55 -3.13 -2.84 -2.61 -2.39 -2.24 -2.09 -1.98 -1.86 -1.75 -1.64 -1.56
 -1.49 -1.38 -1.3  -1.23 -1.15 -1.12 -1.04 -0.97 -0.89 -0.85 -0.78 -0.74
 -0.67 -0.63 -0.56 -0.52 -0.44 -0.41 -0.33 -0.29 -0.22 -0.18 -0.14 -0.07
 -0.03  0.03  0.07  0.11  0.18  0.22  0.29  0.33  0.37  0.44  0.48  0.56
  0.59  0.67  0.71  0.78  0.85  0.89  0.97  1.04  1.12  1.19  1.27  1.34
  1.42  1.53  1.64  1.71  1.86  1.98  2.16  2.35  2.61  3.02  3.66  4.52
  5.38  6.31  7.25  8.14  8.96  9.79 10.76 11.92 13.23 14.38 15.51 16.48
 17.3  18.01 18.68 19.32 19.92 20.44 20.96 21.48 21.97 22.46 22.91 23.39
 23.88 24.36 24.96 25.63 26.57]",0,98.0,7,0,3,185640800200277634
48,Cultivated Crops,Planted/Cultivated,8,4,42.46154032639951,-79.19392024272338,295.9301,133310989.20423988,"[-4.11 -3.69 -3.4  -3.13 -2.95 -2.76 -2.61 -2.46 -2.35 -2.24 -2.13 -2.05
 -1.98 -1.86 -1.79 -1.71 -1.68 -1.6  -1.53 -1.49 -1.42 -1.34 -1.3  -1.27
 -1.19 -1.15 -1.12 -1.04 -1.   -0.97 -0.93 -0.85 -0.82 -0.78 -0.74 -0.71
 -0.67 -0.63 -0.59 -0.56 -0.52 -0.44 -0.41 -0.37 -0.33 -0.29 -0.26 -0.22
 -0.18 -0.14 -0.11 -0.07 -0.03  0.    0.03  0.07  0.11  0.14  0.18  0.22
  0.26  0.29  0.33  0.37  0.41  0.44  0.48  0.52  0.56  0.59  0.63  0.67
  0.71  0.78  0.82  0.85  0.89  0.93  1.    1.04  1.08  1.15  1.19  1.27
  1.3   1.38  1.45  1.49  1.56  1.64  1.71  1.83  1.9   2.01  2.13  2.24
  2.39  2.57  2.8   3.1   3.73]",0,0.0,7,0,3,185640800200277644
49,Deciduous Forest,Forest,8,4,42.46443588236948,-79.18822589887401,269.42294,133310989.28687988,"[-3.77 -3.4  -3.13 -2.87 -2.69 -2.5  -2.31 -2.2  -2.05 -1.94 -1.83 -1.71
 -1.6  -1.49 -1.42 -1.3  -1.23 -1.15 -1.08 -1.   -0.93 -0.85 -0.78 -0.71
 -0.63 -0.59 -0.52 -0.44 -0.37 -0.33 -0.26 -0.18 -0.14 -0.07  0.    0.03
  0.11  0.18  0.22  0.29  0.37  0.44  0.48  0.56  0.63  0.71  0.78  0.85
  0.93  1.    1.08  1.15  1.23  1.34  1.42  1.53  1.6   1.71  1.86  1.98
  2.13  2.27  2.46  2.69  2.91  3.21  3.58  4.07  4.89  6.01  7.06  7.84
  8.52  9.15  9.79 10.42 11.09 11.73 12.25 12.74 13.23 13.71 14.27 14.94
 15.65 16.33 16.89 17.41 17.9  18.35 18.83 19.32 19.77 20.25 20.74 21.22
 21.75 22.27 22.79 23.39 24.14]",0,95.0,7,0,3,185640800200277654
50,Deciduous Forest,Forest,8,4,42.46732835116511,-79.18254523679583,236.48833,133310989.36951987,"[-2.72 -1.94 -1.49 -1.19 -0.97 -0.74 -0.56 -0.37 -0.18 -0.03  0.14  0.29
  0.48  0.67  0.82  1.    1.19  1.38  1.56  1.75  1.94  2.13  2.31  2.5
  2.72  2.91  3.13  3.4   3.62  3.84  4.03  4.26  4.44  4.63  4.82  5.
  5.15  5.3   5.45  5.56  5.68  5.79  5.9   6.01  6.09  6.2   6.27  6.35
  6.42  6.5   6.61  6.68  6.76  6.83  6.91  6.98  7.06  7.13  7.21  7.28
  7.36  7.43  7.54  7.62  7.73  7.81  7.96  8.07  8.22  8.4   8.63  8.96
  9.67 11.13 11.84 12.48 13.23 14.23 15.69 17.22 18.05 18.72 19.39 19.99
 20.55 21.04 21.52 22.08 22.64 23.17 23.65 24.18 24.62 25.11 25.56 26.08
 26.57 27.13 27.65 28.29 29.15]",0,89.0,7,0,3,185640800200277664
51,Pasture/Hay,Planted/Cultivated,8,4,42.470228917981366,-79.17683895489188,239.54231,133310989.45215988,"[-4.85 -4.41 -4.07 -3.77 -3.55 -3.32 -3.13 -2.98 -2.84 -2.72 -2.57 -2.46
 -2.35 -2.27 -2.16 -2.09 -1.98 -1.9  -1.83 -1.75 -1.68 -1.64 -1.56 -1.49
 -1.45 -1.38 -1.3  -1.27 -1.19 -1.15 -1.12 -1.04 -1.   -0.97 -0.89 -0.85
 -0.82 -0.74 -0.71 -0.67 -0.63 -0.59 -0.52 -0.48 -0.44 -0.41 -0.37 -0.33
 -0.29 -0.26 -0.18 -0.14 -0.11 -0.07 -0.03  0.    0.03  0.07  0.11  0.18
  0.22  0.26  0.29  0.33  0.37  0.41  0.44  0.52  0.56  0.59  0.63  0.67
  0.74  0.78  0.82  0.89  0.93  0.97  1.04  1.08  1.15  1.19  1.27  1.3
  1.38  1.45  1.49  1.56  1.64  1.71  1.83  1.9   2.01  2.13  2.24  2.35
  2.5   2.69  2.91  3.25  3.92]",0,0.0,7,0,3,185640800200277674
52,Developed Open Space,Developed,8,4,42.47312827754006,-79.17113891085553,233.84703,133310989.53481787,"[-5.08 -4.11 -3.51 -3.1  -2.8  -2.54 -2.35 -2.2  -2.05 -1.94 -1.83 -1.71
 -1.6  -1.53 -1.45 -1.34 -1.27 -1.19 -1.12 -1.04 -1.   -0.93 -0.85 -0.82
 -0.74 -0.67 -0.63 -0.56 -0.52 -0.44 -0.41 -0.33 -0.29 -0.22 -0.18 -0.14
 -0.07 -0.03  0.03  0.07  0.11  0.18  0.22  0.29  0.33  0.41  0.44  0.52
  0.56  0.63  0.67  0.74  0.78  0.85  0.93  0.97  1.04  1.12  1.19  1.27
  1.34  1.42  1.53  1.6   1.71  1.83  1.98  2.13  2.35  2.61  2.98  3.51
  4.14  4.78  5.41  6.01  6.57  7.1   7.54  7.96  8.4   8.85  9.3   9.71
 10.2  10.72 11.21 11.62 12.07 12.52 12.93 13.37 13.86 14.35 14.79 15.17
 15.54 15.95 16.4  17.   18.01]",0,0.0,7,0,3,185640800200277684
53,Mixed Forest,Forest,8,4,42.65441680956977,-78.81226573370056,299.69342,133310994.7083973,"[-4.52 -3.92 -3.47 -3.1  -2.8  -2.5  -2.27 -2.09 -1.94 -1.75 -1.64 -1.49
 -1.38 -1.27 -1.15 -1.04 -0.93 -0.82 -0.74 -0.63 -0.56 -0.44 -0.37 -0.29
 -0.18 -0.11  0.    0.07  0.14  0.26  0.33  0.41  0.52  0.59  0.71  0.78
  0.89  1.    1.12  1.23  1.34  1.45  1.6   1.75  1.9   2.09  2.27  2.5
  2.76  3.02  3.28  3.55  3.77  3.99  4.22  4.44  4.67  4.85  5.08  5.3
  5.53  5.75  5.97  6.2   6.5   6.8   7.1   7.39  7.73  8.03  8.37  8.7
  9.08  9.53 10.01 10.46 10.83 11.17 11.47 11.84 12.18 12.59 13.04 13.56
 14.08 14.68 15.28 15.88 16.44 17.04 17.56 18.05 18.57 19.13 19.62 20.18
 20.81 21.52 22.27 22.98 23.69]",0,90.0,7,0,3,185640800200278304
54,Deciduous Forest,Forest,8,4,42.65731866453813,-78.80649490063156,336.01385,133310994.7910373,"[-2.46 -2.35 -2.24 -2.13 -2.01 -1.9  -1.79 -1.68 -1.56 -1.49 -1.42 -1.34
 -1.27 -1.19 -1.12 -1.08 -1.   -0.97 -0.89 -0.85 -0.82 -0.78 -0.71 -0.67
 -0.63 -0.59 -0.56 -0.52 -0.48 -0.44 -0.41 -0.37 -0.33 -0.29 -0.26 -0.22
 -0.18 -0.14 -0.11 -0.07 -0.03  0.    0.    0.03  0.07  0.11  0.14  0.18
  0.22  0.26  0.29  0.33  0.37  0.41  0.44  0.48  0.52  0.56  0.59  0.63
  0.67  0.71  0.78  0.82  0.85  0.89  0.93  0.97  1.    1.08  1.12  1.15
  1.19  1.23  1.3   1.34  1.38  1.45  1.49  1.53  1.6   1.64  1.71  1.75
  1.83  1.86  1.94  2.01  2.05  2.13  2.2   2.27  2.35  2.42  2.5   2.57
  2.69  2.8   2.91  3.02  3.21]",0,0.0,7,0,3,185640800200278314
55,Developed Medium Intensity,Developed,8,4,44.94709080002155,-73.80191605285273,233.68169,133311063.8323281,"[-4.82 -4.29 -3.88 -3.58 -3.36 -3.13 -2.95 -2.8  -2.65 -2.54 -2.42 -2.31
 -2.2  -2.13 -2.05 -1.94 -1.86 -1.79 -1.75 -1.68 -1.6  -1.53 -1.49 -1.42
 -1.38 -1.3  -1.27 -1.23 -1.15 -1.12 -1.08 -1.   -0.97 -0.93 -0.89 -0.85
 -0.78 -0.74 -0.71 -0.67 -0.63 -0.59 -0.56 -0.52 -0.48 -0.44 -0.41 -0.37
 -0.33 -0.29 -0.26 -0.22 -0.18 -0.14 -0.11 -0.07 -0.03  0.    0.03  0.07
  0.11  0.14  0.18  0.22  0.26  0.29  0.33  0.37  0.44  0.48  0.52  0.56
  0.59  0.63  0.67  0.71  0.74  0.82  0.85  0.89  0.93  1.    1.04  1.12
  1.15  1.19  1.27  1.34  1.38  1.45  1.53  1.6   1.68  1.79  1.9   2.01
  2.13  2.27  2.5   2.8   3.47]",0,0.0,7,0,3,185640800200286614
56,Woody Wetlands,Wetlands,8,4,44.95278200790024,-73.78820092950372,225.90846,133311064.0141361,"[-5.08 -4.52 -4.03 -3.62 -3.28 -2.99 -2.76 -2.54 -2.35 -2.16 -2.01 -1.86
 -1.71 -1.56 -1.45 -1.34 -1.23 -1.12 -1.   -0.89 -0.82 -0.71 -0.63 -0.52
 -0.44 -0.33 -0.26 -0.18 -0.07  0.    0.07  0.18  0.26  0.37  0.44  0.56
  0.63  0.74  0.82  0.93  1.04  1.15  1.27  1.38  1.49  1.64  1.75  1.9
  2.05  2.2   2.35  2.54  2.69  2.84  3.02  3.17  3.36  3.51  3.7   3.84
  4.03  4.18  4.37  4.52  4.7   4.85  5.04  5.19  5.34  5.53  5.68  5.86
  6.01  6.16  6.35  6.5   6.65  6.83  6.98  7.13  7.28  7.47  7.62  7.77
  7.96  8.11  8.29  8.48  8.67  8.85  9.08  9.3   9.56  9.82 10.16 10.53
 10.98 11.51 12.1  12.89 14.01]",0,100.0,7,0,3,185640800200286634
57,Pasture/Hay,Planted/Cultivated,8,4,44.95537281238186,-73.78196230932926,227.62723,133311064.0967761,"[-5.26 -4.59 -4.11 -3.77 -3.47 -3.25 -3.02 -2.87 -2.72 -2.57 -2.46 -2.35
 -2.24 -2.13 -2.05 -1.98 -1.9  -1.83 -1.75 -1.68 -1.6  -1.53 -1.49 -1.42
 -1.34 -1.3  -1.27 -1.19 -1.15 -1.08 -1.04 -1.   -0.97 -0.89 -0.85 -0.82
 -0.78 -0.74 -0.67 -0.63 -0.59 -0.56 -0.52 -0.48 -0.44 -0.41 -0.37 -0.33
 -0.29 -0.26 -0.18 -0.14 -0.11 -0.07 -0.03  0.    0.03  0.07  0.11  0.14
  0.18  0.22  0.26  0.29  0.33  0.37  0.41  0.44  0.48  0.52  0.59  0.63
  0.67  0.71  0.74  0.78  0.85  0.89  0.93  0.97  1.04  1.08  1.15  1.19
  1.27  1.3   1.38  1.45  1.49  1.56  1.64  1.71  1.83  1.9   2.01  2.13
  2.27  2.46  2.65  2.99  3.77]",0,0.0,7,0,3,185640800200286644
58,Deciduous Forest,Forest,8,4,44.95796573539015,-73.77572668716053,226.0488,133311064.1794161,"[-5.53 -4.82 -4.26 -3.84 -3.51 -3.25 -3.02 -2.8  -2.65 -2.46 -2.35 -2.2
 -2.09 -1.98 -1.86 -1.75 -1.68 -1.56 -1.49 -1.42 -1.34 -1.27 -1.15 -1.08
 -1.04 -0.97 -0.89 -0.82 -0.74 -0.67 -0.63 -0.56 -0.48 -0.44 -0.37 -0.29
 -0.26 -0.18 -0.14 -0.07  0.    0.03  0.11  0.18  0.22  0.29  0.33  0.41
  0.48  0.56  0.59  0.67  0.74  0.82  0.89  0.97  1.    1.12  1.19  1.27
  1.34  1.45  1.53  1.64  1.71  1.83  1.98  2.09  2.24  2.35  2.54  2.69
  2.87  3.06  3.25  3.47  3.7   3.92  4.14  4.37  4.59  4.82  5.04  5.26
  5.49  5.75  5.98  6.24  6.54  6.83  7.13  7.47  7.84  8.25  8.67  9.08
  9.53 10.01 10.57 11.32 12.55]",0,100.0,7,0,3,185640800200286654
59,Deciduous Forest,Forest,8,4,44.96056066925078,-73.76949946909112,215.35353,133311064.2620561,"[-4.07 -2.99 -2.46 -2.13 -1.9  -1.71 -1.56 -1.42 -1.27 -1.15 -1.04 -0.93
 -0.85 -0.74 -0.67 -0.59 -0.52 -0.44 -0.37 -0.29 -0.22 -0.14 -0.07  0.
  0.07  0.14  0.22  0.29  0.41  0.48  0.56  0.63  0.71  0.78  0.89  0.97
  1.04  1.15  1.27  1.38  1.49  1.6   1.75  1.9   2.05  2.27  2.54  2.84
  3.21  3.66  4.07  4.44  4.74  5.04  5.3   5.6   5.86  6.12  6.39  6.69
  6.95  7.21  7.47  7.73  7.99  8.25  8.55  8.82  9.11  9.45  9.75 10.05
 10.35 10.57 10.83 11.02 11.24 11.47 11.69 11.96 12.22 12.52 12.81 13.08
 13.34 13.56 13.79 14.01 14.23 14.46 14.76 15.13 15.51 15.92 16.29 16.7
 17.15 17.75 18.38 19.09 20.21]",0,100.0,7,0,3,185640800200286664
60,Woody Wetlands,Wetlands,8,4,44.963156459234085,-73.76327304125435,205.60254,133311064.3446961,"[-3.96 -3.47 -3.13 -2.84 -2.61 -2.42 -2.27 -2.13 -2.01 -1.9  -1.79 -1.68
 -1.6  -1.53 -1.45 -1.38 -1.3  -1.23 -1.15 -1.08 -1.   -0.97 -0.89 -0.85
 -0.78 -0.74 -0.67 -0.63 -0.59 -0.52 -0.48 -0.41 -0.37 -0.33 -0.29 -0.22
 -0.18 -0.14 -0.07 -0.03  0.    0.03  0.11  0.14  0.18  0.26  0.29  0.33
  0.37  0.44  0.48  0.56  0.59  0.63  0.71  0.74  0.82  0.85  0.93  1.
  1.04  1.12  1.19  1.27  1.34  1.42  1.49  1.6   1.68  1.79  1.9   2.05
  2.2   2.39  2.57  2.84  3.13  3.51  3.96  4.44  4.93  5.41  5.86  6.31
  6.76  7.28  7.81  8.33  8.85  9.41 10.01 10.61 11.17 11.73 12.37 13.08
 13.9  14.76 15.58 16.44 17.49]",3,95.0,7,0,3,185640800200286674
61,Deciduous Forest,Forest,8,4,44.9657494763864,-73.75704144612207,205.43857,133311064.4273361,"[-3.84 -3.51 -3.21 -2.99 -2.8  -2.61 -2.46 -2.35 -2.24 -2.13 -2.01 -1.94
 -1.83 -1.75 -1.68 -1.6  -1.53 -1.45 -1.38 -1.34 -1.27 -1.19 -1.15 -1.08
 -1.04 -0.97 -0.93 -0.85 -0.82 -0.78 -0.71 -0.67 -0.63 -0.56 -0.52 -0.48
 -0.44 -0.37 -0.33 -0.29 -0.26 -0.18 -0.14 -0.11 -0.07  0.    0.03  0.07
  0.11  0.14  0.22  0.26  0.29  0.33  0.41  0.44  0.48  0.56  0.59  0.63
  0.71  0.74  0.78  0.85  0.89  0.97  1.    1.08  1.12  1.19  1.27  1.34
  1.38  1.45  1.53  1.64  1.71  1.79  1.9   2.01  2.13  2.27  2.42  2.65
  2.91  3.28  3.92  5.08  6.12  6.83  7.47  8.11  8.74  9.41  9.97 10.53
 11.1  11.69 12.33 13.   13.82]",0,100.0,7,0,3,185640800200286684
62,Deciduous Forest,Forest,11,5,42.377096573104446,-79.34621037287171,407.12637,133310986.88607664,"[-2.57 -2.27 -2.09 -1.94 -1.83 -1.71 -1.64 -1.56 -1.49 -1.42 -1.38 -1.3
 -1.27 -1.23 -1.15 -1.12 -1.08 -1.04 -1.   -0.97 -0.93 -0.89 -0.85 -0.82
 -0.78 -0.74 -0.71 -0.67 -0.63 -0.59 -0.56 -0.52 -0.52 -0.48 -0.44 -0.41
 -0.37 -0.37 -0.33 -0.29 -0.26 -0.22 -0.22 -0.18 -0.14 -0.11 -0.11 -0.07
 -0.03  0.    0.03  0.03  0.07  0.11  0.14  0.14  0.18  0.22  0.26  0.29
  0.29  0.33  0.37  0.41  0.44  0.48  0.48  0.52  0.56  0.59  0.63  0.67
  0.71  0.74  0.78  0.82  0.82  0.85  0.93  0.97  1.    1.04  1.08  1.12
  1.15  1.23  1.27  1.3   1.38  1.45  1.49  1.56  1.64  1.71  1.83  1.9
  2.05  2.16  2.31  2.54  2.8 ]",0,100.0,7,0,3,185641100200277574
63,Mixed Forest,Forest,11,5,42.38873311783066,-79.32346240177651,336.07764,133310987.21663664,"[-1.9  -1.42 -1.   -0.63 -0.33 -0.07  0.22  0.48  0.78  1.12  1.45  1.75
  2.05  2.31  2.57  2.8   3.02  3.21  3.4   3.58  3.73  3.88  4.03  4.18
  4.33  4.48  4.63  4.78  4.97  5.12  5.3   5.53  5.75  6.05  6.42  6.83
  7.32  7.81  8.26  8.7   9.19  9.64 10.05 10.39 10.72 11.02 11.36 11.66
 11.96 12.22 12.44 12.67 12.89 13.08 13.26 13.45 13.6  13.75 13.94 14.09
 14.24 14.39 14.53 14.68 14.83 14.98 15.13 15.32 15.47 15.66 15.84 16.03
 16.25 16.48 16.7  16.93 17.15 17.38 17.6  17.79 17.97 18.12 18.31 18.46
 18.61 18.8  18.95 19.09 19.28 19.47 19.66 19.88 20.1  20.37 20.63 20.89
 21.19 21.49 21.82 22.23 22.76]",0,52.0,7,0,3,185641100200277614
64,Evergreen Forest,Forest,11,5,42.40915632461257,-79.28358024383093,298.73746,133310987.79517226,"[-3.21 -2.91 -2.65 -2.42 -2.2  -2.05 -1.86 -1.71 -1.56 -1.45 -1.34 -1.19
 -1.08 -1.   -0.89 -0.78 -0.71 -0.59 -0.52 -0.41 -0.33 -0.22 -0.14 -0.07
  0.03  0.11  0.18  0.29  0.37  0.48  0.56  0.67  0.74  0.85  0.97  1.08
  1.19  1.3   1.45  1.6   1.75  1.94  2.16  2.42  2.72  3.1   3.55  4.07
  4.55  5.    5.41  5.79  6.12  6.42  6.76  7.06  7.32  7.62  7.88  8.18
  8.44  8.74  9.    9.26  9.53  9.79 10.05 10.31 10.57 10.83 11.13 11.39
 11.73 12.03 12.37 12.7  13.04 13.38 13.75 14.12 14.46 14.83 15.21 15.54
 15.88 16.22 16.55 16.93 17.26 17.64 18.05 18.46 18.91 19.36 19.8  20.25
 20.7  21.15 21.67 22.23 22.91]",0,100.0,7,0,3,185641100200277684
65,Deciduous Forest,Forest,11,5,42.41794153491133,-79.26634002177396,419.9816,133310988.04309228,"[-3.92 -3.4  -2.95 -2.65 -2.35 -2.16 -1.98 -1.83 -1.68 -1.56 -1.49 -1.38
 -1.3  -1.23 -1.15 -1.08 -1.04 -0.97 -0.93 -0.85 -0.82 -0.74 -0.71 -0.67
 -0.59 -0.56 -0.52 -0.48 -0.44 -0.41 -0.37 -0.29 -0.26 -0.22 -0.18 -0.14
 -0.11 -0.07 -0.03  0.    0.03  0.07  0.11  0.14  0.18  0.26  0.29  0.33
  0.37  0.41  0.44  0.48  0.52  0.59  0.63  0.67  0.71  0.78  0.82  0.85
  0.93  0.97  1.04  1.08  1.15  1.23  1.3   1.34  1.45  1.53  1.6   1.71
  1.83  1.94  2.09  2.27  2.54  2.87  3.36  4.11  5.45  6.69  7.47  8.18
  9.41 10.39 11.47 12.55 13.34 14.91 15.99 16.55 17.08 17.71 18.42 19.06
 19.66 20.18 20.63 21.08 21.56]",0,100.0,7,0,3,185641100200277714
66,Deciduous Forest,Forest,11,5,42.420860472080975,-79.26061354068962,444.1492,133310988.12573226,"[-3.96 -3.7  -3.43 -3.21 -3.02 -2.84 -2.69 -2.54 -2.39 -2.24 -2.13 -2.01
 -1.9  -1.79 -1.68 -1.56 -1.45 -1.38 -1.27 -1.19 -1.12 -1.   -0.93 -0.85
 -0.74 -0.67 -0.59 -0.52 -0.44 -0.37 -0.29 -0.18 -0.11 -0.03  0.03  0.11
  0.18  0.26  0.33  0.41  0.48  0.59  0.67  0.74  0.82  0.93  1.    1.08
  1.19  1.27  1.38  1.49  1.6   1.68  1.83  1.94  2.05  2.2   2.35  2.5
  2.65  2.84  3.06  3.28  3.58  3.92  4.33  4.85  5.49  6.12  6.8   7.43
  8.14  8.89  9.68 10.42 11.1  11.73 12.4  13.11 13.79 14.46 15.1  15.69
 16.22 16.7  17.19 17.64 18.09 18.53 18.98 19.43 19.88 20.33 20.7  21.04
 21.37 21.71 22.08 22.5  23.06]",0,57.0,7,0,3,185641100200277724
67,Mixed Forest,Forest,11,5,42.42377100175764,-79.25489835484504,453.52502,133310988.20837228,"[-2.2  -1.6  -1.12 -0.74 -0.41 -0.07  0.26  0.56  0.85  1.12  1.34  1.56
  1.75  1.9   2.05  2.24  2.35  2.5   2.65  2.76  2.91  3.02  3.13  3.28
  3.4   3.51  3.62  3.77  3.88  3.99  4.11  4.22  4.37  4.48  4.59  4.7
  4.85  5.    5.12  5.3   5.45  5.64  5.79  6.01  6.2   6.42  6.61  6.83
  7.06  7.28  7.55  7.77  8.03  8.26  8.52  8.78  9.    9.23  9.45  9.64
  9.79  9.94 10.09 10.24 10.39 10.5  10.65 10.8  10.91 11.06 11.17 11.32
 11.47 11.62 11.77 11.96 12.14 12.33 12.52 12.74 12.96 13.19 13.49 13.82
 14.24 14.65 15.13 15.66 16.33 17.08 17.94 18.8  19.54 20.18 20.89 21.71
 22.35 22.87 23.36 23.92 24.55]",0,100.0,7,0,3,185641100200277734
68,Shrub/Scrub,Scrubland,11,5,42.42696433544958,-79.24861221059442,455.31458,133310988.29927626,"[-4.14 -3.84 -3.62 -3.4  -3.21 -3.06 -2.91 -2.76 -2.61 -2.5  -2.35 -2.24
 -2.13 -2.01 -1.9  -1.83 -1.71 -1.6  -1.53 -1.42 -1.34 -1.23 -1.15 -1.04
 -0.97 -0.85 -0.78 -0.71 -0.59 -0.52 -0.44 -0.37 -0.26 -0.18 -0.11 -0.03
  0.07  0.14  0.22  0.29  0.41  0.48  0.56  0.67  0.74  0.82  0.93  1.
  1.12  1.23  1.3   1.42  1.53  1.64  1.79  1.9   2.05  2.2   2.39  2.57
  2.76  2.99  3.25  3.51  3.81  4.14  4.44  4.82  5.15  5.53  5.86  6.24
  6.57  6.95  7.28  7.58  7.88  8.18  8.52  8.82  9.15  9.53  9.9  10.27
 10.65 11.02 11.43 11.81 12.18 12.52 12.89 13.23 13.6  14.01 14.46 14.95
 15.43 15.95 16.44 16.96 17.6 ]",0,100.0,7,0,3,185641100200277744
69,Developed Open Space,Developed,11,5,42.4330338056964,-79.23664247611012,406.1515,133310988.47282326,"[-5.64 -4.93 -4.33 -3.81 -3.47 -3.17 -2.95 -2.76 -2.61 -2.42 -2.31 -2.16
 -2.05 -1.94 -1.83 -1.75 -1.64 -1.56 -1.49 -1.42 -1.34 -1.3  -1.23 -1.15
 -1.12 -1.08 -1.   -0.97 -0.93 -0.85 -0.82 -0.78 -0.74 -0.71 -0.67 -0.59
 -0.56 -0.52 -0.48 -0.44 -0.41 -0.37 -0.33 -0.29 -0.26 -0.22 -0.18 -0.14
 -0.11 -0.11 -0.07 -0.03  0.    0.03  0.07  0.11  0.14  0.18  0.22  0.26
  0.29  0.33  0.37  0.41  0.44  0.48  0.52  0.56  0.59  0.63  0.67  0.74
  0.78  0.82  0.85  0.89  0.93  1.    1.04  1.08  1.15  1.19  1.27  1.3
  1.38  1.42  1.49  1.56  1.6   1.68  1.75  1.83  1.94  2.01  2.13  2.27
  2.42  2.61  2.87  3.28  4.11]",0,0.0,7,0,3,185641100200277764
70,Mixed Forest,Forest,11,5,42.43650383059716,-79.22979596921678,387.23682,133310988.57201526,"[-4.63 -4.22 -3.92 -3.7  -3.47 -3.28 -3.13 -2.99 -2.84 -2.72 -2.57 -2.46
 -2.39 -2.27 -2.2  -2.09 -2.01 -1.94 -1.83 -1.75 -1.68 -1.64 -1.56 -1.49
 -1.42 -1.34 -1.3  -1.23 -1.19 -1.12 -1.04 -1.   -0.93 -0.89 -0.85 -0.78
 -0.74 -0.67 -0.63 -0.59 -0.52 -0.48 -0.44 -0.37 -0.33 -0.29 -0.22 -0.18
 -0.14 -0.11 -0.03  0.    0.03  0.11  0.14  0.18  0.22  0.29  0.33  0.37
  0.44  0.48  0.52  0.59  0.63  0.71  0.74  0.78  0.85  0.89  0.97  1.
  1.08  1.12  1.19  1.27  1.3   1.38  1.45  1.53  1.6   1.68  1.75  1.83
  1.9   2.01  2.09  2.2   2.31  2.42  2.54  2.69  2.84  2.99  3.21  3.4
  3.7   3.99  4.41  4.97  5.75]",0,97.0,7,0,3,185641100200277774
71,Developed Open Space,Developed,11,5,42.43940293890547,-79.22409361360388,377.09616,133310988.65467526,"[-6.27 -5.56 -5.08 -4.67 -4.33 -3.99 -3.66 -3.36 -3.1  -2.84 -2.65 -2.46
 -2.27 -2.16 -2.01 -1.9  -1.79 -1.71 -1.6  -1.53 -1.45 -1.38 -1.3  -1.23
 -1.15 -1.12 -1.04 -0.97 -0.93 -0.85 -0.82 -0.74 -0.71 -0.63 -0.59 -0.56
 -0.48 -0.44 -0.41 -0.33 -0.29 -0.26 -0.18 -0.14 -0.11 -0.03  0.    0.03
  0.11  0.14  0.18  0.26  0.29  0.33  0.41  0.44  0.48  0.56  0.59  0.63
  0.71  0.74  0.82  0.85  0.93  0.97  1.04  1.08  1.15  1.19  1.27  1.34
  1.38  1.45  1.53  1.6   1.68  1.75  1.83  1.9   2.01  2.09  2.2   2.27
  2.39  2.5   2.61  2.76  2.91  3.06  3.25  3.47  3.7   3.96  4.29  4.7
  5.23  5.9   6.46  6.98  7.73]",0,70.0,7,0,3,185641100200277784
72,Mixed Forest,Forest,11,5,42.4423048951138,-79.21839874773025,363.93967,133310988.73732388,"[-4.14 -3.77 -3.47 -3.25 -3.02 -2.84 -2.65 -2.5  -2.39 -2.24 -2.13 -2.01
 -1.94 -1.83 -1.75 -1.64 -1.56 -1.49 -1.42 -1.34 -1.27 -1.23 -1.15 -1.08
 -1.04 -0.97 -0.89 -0.85 -0.78 -0.74 -0.67 -0.63 -0.59 -0.52 -0.48 -0.41
 -0.37 -0.33 -0.26 -0.22 -0.18 -0.11 -0.07 -0.03  0.    0.07  0.11  0.14
  0.22  0.26  0.29  0.37  0.41  0.48  0.52  0.56  0.63  0.67  0.74  0.78
  0.85  0.93  0.97  1.04  1.12  1.19  1.23  1.3   1.38  1.49  1.56  1.64
  1.75  1.86  1.98  2.09  2.24  2.39  2.54  2.76  3.02  3.36  3.77  4.37
  5.04  5.79  6.5   7.21  7.92  8.63  9.34  9.97 10.54 11.1  11.62 12.14
 12.7  13.26 13.82 14.46 15.28]",0,100.0,7,0,3,185641100200277794
73,Mixed Forest,Forest,11,5,42.44520249705065,-79.2127085712887,341.8002,133310988.81996389,"[-1.98 -1.42 -0.93 -0.48 -0.11  0.29  0.71  1.15  1.64  2.13  2.61  3.02
  3.36  3.66  3.92  4.11  4.29  4.44  4.59  4.74  4.85  4.97  5.08  5.19
  5.3   5.41  5.49  5.6   5.71  5.79  5.9   5.98  6.09  6.16  6.27  6.35
  6.42  6.54  6.61  6.72  6.8   6.87  6.98  7.06  7.13  7.21  7.32  7.4
  7.47  7.55  7.62  7.69  7.77  7.84  7.92  8.03  8.11  8.18  8.26  8.33
  8.44  8.52  8.59  8.7   8.78  8.89  9.    9.11  9.26  9.38  9.53  9.68
  9.83  9.97 10.16 10.39 10.65 10.98 11.51 12.4  14.42 16.59 18.12 19.21
 19.88 20.4  20.89 21.37 21.94 22.57 23.17 23.8  24.85 26.05 26.98 27.65
 28.4  29.49 30.31 30.83 31.32]",0,96.0,7,0,3,185641100200277804
74,Deciduous Forest,Forest,11,5,42.4509912424019,-79.20129359621437,310.20322,133310988.98524389,"[-4.03 -3.66 -3.36 -3.13 -2.95 -2.76 -2.61 -2.5  -2.39 -2.27 -2.16 -2.05
 -1.98 -1.9  -1.83 -1.71 -1.68 -1.6  -1.53 -1.45 -1.38 -1.34 -1.27 -1.23
 -1.15 -1.12 -1.04 -1.   -0.93 -0.89 -0.85 -0.78 -0.74 -0.71 -0.63 -0.59
 -0.56 -0.52 -0.44 -0.41 -0.37 -0.33 -0.29 -0.22 -0.18 -0.14 -0.11 -0.07
 -0.03  0.03  0.07  0.11  0.14  0.18  0.26  0.29  0.33  0.37  0.41  0.48
  0.52  0.56  0.59  0.67  0.71  0.74  0.82  0.85  0.89  0.97  1.    1.08
  1.12  1.19  1.23  1.3   1.38  1.42  1.49  1.56  1.64  1.71  1.79  1.9
  1.98  2.09  2.2   2.31  2.42  2.57  2.76  2.95  3.17  3.43  3.77  4.14
  4.59  5.04  5.56  6.12  6.91]",0,0.0,7,0,3,185641100200277824
75,Deciduous Forest,Forest,11,5,42.453887480906914,-79.19558149332083,287.41635,133310989.06788388,"[-3.81 -2.95 -2.46 -2.09 -1.83 -1.6  -1.42 -1.23 -1.08 -0.93 -0.78 -0.67
 -0.52 -0.41 -0.26 -0.14 -0.03  0.11  0.22  0.33  0.48  0.59  0.74  0.85
  1.    1.15  1.3   1.42  1.56  1.71  1.86  2.01  2.16  2.31  2.46  2.61
  2.72  2.87  3.02  3.17  3.32  3.47  3.62  3.77  3.92  4.03  4.18  4.33
  4.48  4.63  4.74  4.89  5.04  5.19  5.34  5.53  5.68  5.86  6.01  6.24
  6.42  6.65  6.91  7.21  7.58  8.03  8.67  9.64 10.46 11.17 11.84 12.44
 13.   13.45 13.9  14.35 14.83 15.36 15.88 16.33 16.74 17.15 17.64 18.12
 18.57 19.02 19.43 19.88 20.4  21.   21.56 22.08 22.65 23.36 24.07 24.55
 25.   25.45 26.05 26.87 27.88]",0,97.0,7,0,3,185641100200277834
76,Deciduous Forest,Forest,11,5,42.45678326758757,-79.18987901495453,252.40608,133310989.15052389,"[-3.4  -3.13 -2.91 -2.72 -2.57 -2.42 -2.27 -2.16 -2.05 -1.98 -1.86 -1.79
 -1.68 -1.6  -1.53 -1.45 -1.38 -1.3  -1.27 -1.19 -1.12 -1.08 -1.   -0.93
 -0.89 -0.82 -0.78 -0.71 -0.67 -0.63 -0.56 -0.52 -0.44 -0.41 -0.37 -0.29
 -0.26 -0.22 -0.18 -0.11 -0.07 -0.03  0.03  0.07  0.11  0.18  0.22  0.26
  0.33  0.37  0.41  0.48  0.52  0.56  0.63  0.67  0.74  0.78  0.85  0.89
  0.97  1.    1.08  1.15  1.23  1.27  1.34  1.42  1.49  1.6   1.68  1.75
  1.86  1.98  2.09  2.2   2.31  2.46  2.61  2.8   3.02  3.28  3.66  4.18
  5.15  6.76  7.96  8.89  9.68 10.27 10.8  11.28 11.77 12.29 12.82 13.3
 13.75 14.2  14.65 15.13 15.77]",0,100.0,7,0,3,185641100200277844
77,Developed Open Space,Developed,11,5,42.45968777957599,-79.18415003909644,258.91193,133310989.23316388,"[-5.19 -4.74 -4.37 -4.07 -3.84 -3.62 -3.43 -3.28 -3.13 -2.99 -2.84 -2.72
 -2.61 -2.5  -2.42 -2.31 -2.24 -2.13 -2.05 -1.98 -1.9  -1.83 -1.75 -1.68
 -1.6  -1.53 -1.49 -1.42 -1.34 -1.3  -1.23 -1.19 -1.12 -1.08 -1.   -0.97
 -0.89 -0.85 -0.78 -0.74 -0.71 -0.63 -0.59 -0.52 -0.48 -0.44 -0.37 -0.33
 -0.29 -0.22 -0.18 -0.14 -0.11 -0.03  0.    0.03  0.11  0.14  0.18  0.26
  0.29  0.33  0.41  0.44  0.48  0.56  0.59  0.63  0.71  0.74  0.82  0.85
  0.93  0.97  1.04  1.08  1.15  1.19  1.27  1.34  1.42  1.45  1.53  1.6
  1.68  1.75  1.83  1.9   2.01  2.09  2.2   2.31  2.42  2.54  2.69  2.84
  2.99  3.21  3.47  3.84  4.59]",0,0.0,7,0,3,185641100200277854
78,Deciduous Forest,Forest,11,5,42.46258956348631,-79.17843234287983,264.27243,133310989.31580389,"[-4.48 -4.07 -3.77 -3.51 -3.28 -3.1  -2.95 -2.8  -2.69 -2.57 -2.46 -2.35
 -2.24 -2.16 -2.09 -1.98 -1.9  -1.83 -1.75 -1.68 -1.64 -1.56 -1.49 -1.45
 -1.38 -1.3  -1.27 -1.19 -1.15 -1.12 -1.04 -1.   -0.93 -0.89 -0.85 -0.78
 -0.74 -0.71 -0.67 -0.59 -0.56 -0.52 -0.48 -0.44 -0.37 -0.33 -0.29 -0.26
 -0.22 -0.18 -0.11 -0.07 -0.03  0.    0.03  0.07  0.14  0.18  0.22  0.26
  0.29  0.37  0.41  0.44  0.48  0.52  0.59  0.63  0.67  0.71  0.78  0.82
  0.89  0.93  0.97  1.04  1.08  1.15  1.19  1.27  1.34  1.38  1.45  1.53
  1.6   1.68  1.75  1.86  1.94  2.05  2.16  2.27  2.42  2.61  2.8   3.06
  3.4   4.03  5.27  6.42  7.43]",0,100.0,7,0,3,185641100200277864
79,Mixed Forest,Forest,11,5,42.46548626551547,-79.17273549562537,252.66048,133310989.39844388,"[-3.81 -3.4  -3.06 -2.8  -2.61 -2.42 -2.27 -2.13 -2.01 -1.9  -1.79 -1.68
 -1.6  -1.49 -1.42 -1.34 -1.27 -1.19 -1.12 -1.04 -0.97 -0.93 -0.85 -0.78
 -0.74 -0.67 -0.59 -0.56 -0.48 -0.44 -0.37 -0.33 -0.26 -0.22 -0.14 -0.11
 -0.03  0.    0.07  0.11  0.18  0.22  0.29  0.33  0.41  0.48  0.52  0.59
  0.63  0.71  0.78  0.85  0.89  0.97  1.04  1.12  1.19  1.27  1.34  1.45
  1.53  1.64  1.75  1.86  2.01  2.16  2.35  2.57  2.87  3.4   4.37  5.6
  6.76  7.77  8.59  9.3   9.97 10.57 11.17 11.77 12.33 12.93 13.53 14.12
 14.76 15.39 16.07 16.78 17.45 18.16 18.87 19.54 20.18 20.81 21.37 22.01
 22.65 23.43 24.36 25.41 26.46]",0,98.0,7,0,3,185641100200277874
80,Deciduous Forest,Forest,11,5,42.46838790483423,-79.16702541811863,260.57083,133310989.48108888,"[-8.03 -7.02 -6.16 -5.53 -4.97 -4.41 -3.92 -3.47 -3.06 -2.69 -2.35 -2.01
 -1.75 -1.45 -1.23 -1.   -0.78 -0.56 -0.37 -0.18  0.    0.22  0.41  0.59
  0.82  1.    1.19  1.38  1.56  1.75  1.94  2.13  2.31  2.5   2.69  2.87
  3.06  3.25  3.43  3.58  3.73  3.88  4.03  4.18  4.33  4.48  4.63  4.78
  4.93  5.12  5.27  5.41  5.6   5.79  5.98  6.16  6.39  6.61  6.83  7.1
  7.32  7.58  7.84  8.11  8.4   8.7   8.97  9.23  9.49  9.75 10.01 10.31
 10.57 10.87 11.17 11.43 11.73 12.03 12.33 12.59 12.89 13.19 13.53 13.86
 14.2  14.53 14.83 15.13 15.39 15.69 15.99 16.29 16.63 16.96 17.3  17.67
 18.09 18.57 19.17 19.84 20.89]",0,95.0,7,0,3,185641100200277884
81,Cultivated Crops,Planted/Cultivated,11,5,42.57714486035017,-78.95237919041308,211.24892,133310992.58027956,"[-5.12 -4.44 -4.07 -3.81 -3.58 -3.4  -3.21 -3.06 -2.91 -2.76 -2.65 -2.54
 -2.42 -2.31 -2.24 -2.13 -2.05 -1.98 -1.86 -1.79 -1.71 -1.64 -1.6  -1.53
 -1.45 -1.38 -1.34 -1.27 -1.23 -1.15 -1.12 -1.04 -1.   -0.97 -0.93 -0.85
 -0.82 -0.78 -0.74 -0.67 -0.63 -0.59 -0.56 -0.52 -0.48 -0.41 -0.37 -0.33
 -0.29 -0.26 -0.22 -0.18 -0.14 -0.11 -0.07 -0.03  0.03  0.07  0.11  0.14
  0.18  0.22  0.26  0.29  0.33  0.37  0.44  0.48  0.52  0.56  0.59  0.63
  0.71  0.74  0.78  0.82  0.85  0.93  0.97  1.    1.08  1.12  1.15  1.23
  1.27  1.34  1.38  1.45  1.53  1.6   1.64  1.71  1.83  1.9   2.01  2.13
  2.24  2.39  2.61  2.91  3.77]",0,0.0,7,0,3,185641100200278254
82,Cultivated Crops,Planted/Cultivated,11,5,42.64013766248346,-78.82703193623132,353.99252,133310994.38191374,"[-1.94 -1.83 -1.71 -1.6  -1.53 -1.42 -1.38 -1.3  -1.23 -1.19 -1.12 -1.08
 -1.04 -1.   -0.97 -0.93 -0.85 -0.82 -0.82 -0.78 -0.74 -0.71 -0.67 -0.63
 -0.59 -0.56 -0.52 -0.52 -0.48 -0.44 -0.41 -0.37 -0.37 -0.33 -0.29 -0.26
 -0.26 -0.22 -0.18 -0.14 -0.14 -0.11 -0.07 -0.03 -0.03  0.    0.03  0.07
  0.07  0.11  0.14  0.18  0.22  0.22  0.26  0.29  0.33  0.33  0.37  0.41
  0.44  0.48  0.48  0.52  0.56  0.59  0.63  0.67  0.67  0.71  0.74  0.78
  0.82  0.85  0.89  0.93  0.97  1.    1.04  1.08  1.12  1.15  1.19  1.23
  1.27  1.3   1.38  1.42  1.45  1.53  1.56  1.64  1.71  1.75  1.83  1.9
  1.98  2.05  2.16  2.27  2.39]",0,0.0,7,0,3,185641100200278464
83,Deciduous Forest,Forest,11,5,42.648788710037614,-78.80988986394003,323.2316,133310994.62987474,"[-2.84 -2.69 -2.54 -2.42 -2.27 -2.16 -2.05 -1.98 -1.86 -1.79 -1.71 -1.64
 -1.56 -1.49 -1.45 -1.38 -1.34 -1.27 -1.23 -1.15 -1.12 -1.08 -1.04 -0.97
 -0.93 -0.89 -0.85 -0.82 -0.78 -0.74 -0.71 -0.67 -0.63 -0.59 -0.56 -0.52
 -0.48 -0.44 -0.44 -0.41 -0.37 -0.33 -0.29 -0.26 -0.22 -0.22 -0.18 -0.14
 -0.11 -0.07 -0.07 -0.03  0.    0.03  0.07  0.11  0.11  0.14  0.18  0.22
  0.26  0.29  0.29  0.33  0.37  0.41  0.44  0.48  0.52  0.56  0.59  0.59
  0.63  0.67  0.71  0.74  0.78  0.82  0.89  0.93  0.97  1.    1.04  1.08
  1.15  1.19  1.23  1.3   1.34  1.42  1.45  1.53  1.6   1.68  1.75  1.86
  1.94  2.05  2.2   2.35  2.54]",0,85.0,7,0,3,185641100200278494
84,Evergreen Forest,Forest,11,5,44.94836436978397,-73.78316031686666,225.4848,133311063.9769481,"[-4.74 -3.96 -3.43 -3.1  -2.8  -2.57 -2.39 -2.24 -2.09 -1.94 -1.83 -1.68
 -1.56 -1.49 -1.38 -1.27 -1.19 -1.08 -1.   -0.93 -0.85 -0.78 -0.67 -0.59
 -0.52 -0.44 -0.37 -0.29 -0.22 -0.14 -0.11 -0.03  0.03  0.11  0.18  0.26
  0.33  0.41  0.48  0.56  0.63  0.71  0.82  0.89  0.97  1.08  1.15  1.27
  1.38  1.45  1.6   1.71  1.86  2.01  2.16  2.35  2.57  2.8   3.06  3.36
  3.62  3.92  4.18  4.41  4.67  4.89  5.12  5.3   5.53  5.75  5.94  6.13
  6.35  6.54  6.76  6.95  7.17  7.36  7.58  7.77  7.99  8.22  8.44  8.67
  8.89  9.12  9.34  9.6   9.83 10.09 10.35 10.61 10.87 11.17 11.51 11.84
 12.22 12.67 13.23 14.05 15.66]",0,100.0,7,0,3,185641100200286824
85,Pasture/Hay,Planted/Cultivated,11,5,44.95095217491957,-73.7769283506986,219.64606,133311064.0595881,"[-5.49 -4.7  -4.22 -3.84 -3.51 -3.28 -3.06 -2.87 -2.72 -2.57 -2.42 -2.31
 -2.2  -2.09 -2.01 -1.9  -1.83 -1.75 -1.68 -1.6  -1.53 -1.49 -1.42 -1.34
 -1.3  -1.23 -1.19 -1.12 -1.08 -1.04 -0.97 -0.93 -0.89 -0.85 -0.78 -0.74
 -0.71 -0.67 -0.63 -0.56 -0.52 -0.48 -0.44 -0.41 -0.37 -0.33 -0.29 -0.26
 -0.22 -0.18 -0.14 -0.11 -0.03  0.    0.03  0.07  0.11  0.14  0.18  0.22
  0.26  0.29  0.33  0.37  0.41  0.44  0.52  0.56  0.59  0.63  0.67  0.71
  0.78  0.82  0.85  0.89  0.97  1.    1.04  1.12  1.15  1.23  1.27  1.34
  1.42  1.45  1.53  1.6   1.68  1.79  1.86  1.98  2.09  2.2   2.35  2.5
  2.72  2.99  3.4   4.26  5.94]",0,0.0,7,0,3,185641100200286834
86,Evergreen Forest,Forest,11,5,44.95354243129877,-73.77069503519486,215.39597,133311064.1422281,"[-5.04 -4.29 -3.81 -3.43 -3.13 -2.87 -2.69 -2.5  -2.35 -2.24 -2.09 -1.98
 -1.86 -1.79 -1.68 -1.6  -1.49 -1.42 -1.34 -1.27 -1.19 -1.12 -1.08 -1.
 -0.93 -0.85 -0.82 -0.74 -0.71 -0.63 -0.59 -0.52 -0.48 -0.41 -0.37 -0.29
 -0.26 -0.18 -0.14 -0.07 -0.03  0.    0.07  0.11  0.18  0.22  0.29  0.33
  0.37  0.44  0.48  0.56  0.59  0.67  0.74  0.78  0.85  0.93  0.97  1.04
  1.12  1.19  1.27  1.34  1.45  1.53  1.64  1.75  1.86  2.01  2.16  2.31
  2.54  2.84  3.25  3.88  4.59  5.19  5.75  6.27  6.84  7.47  8.14  8.89
  9.56 10.24 10.87 11.47 12.03 12.63 13.23 13.86 14.5  15.13 15.77 16.48
 17.19 17.97 18.8  19.77 21.15]",0,100.0,7,0,3,185641100200286844
87,Evergreen Forest,Forest,11,5,44.95613573401632,-73.7644646350859,207.93861,133311064.2248681,"[-4.33 -3.73 -3.32 -2.99 -2.72 -2.54 -2.31 -2.16 -2.01 -1.86 -1.75 -1.6
 -1.49 -1.42 -1.3  -1.19 -1.12 -1.04 -0.93 -0.85 -0.78 -0.71 -0.63 -0.56
 -0.48 -0.41 -0.33 -0.26 -0.18 -0.11 -0.07  0.    0.07  0.14  0.22  0.29
  0.37  0.44  0.52  0.59  0.67  0.74  0.82  0.89  0.97  1.08  1.15  1.27
  1.38  1.49  1.6   1.71  1.86  2.01  2.2   2.39  2.57  2.84  3.1   3.36
  3.66  3.96  4.26  4.52  4.82  5.08  5.34  5.6   5.86  6.13  6.35  6.61
  6.84  7.06  7.28  7.51  7.73  7.96  8.18  8.37  8.59  8.82  9.    9.23
  9.45  9.68  9.9  10.12 10.35 10.61 10.87 11.13 11.43 11.73 12.03 12.33
 12.67 13.04 13.45 14.05 15.06]",0,100.0,7,0,3,185641100200286854
88,Woody Wetlands,Wetlands,11,5,44.95873243867201,-73.75823294648691,203.01462,133311064.3075081,"[-5.15 -4.52 -4.11 -3.77 -3.51 -3.28 -3.1  -2.91 -2.76 -2.61 -2.46 -2.35
 -2.24 -2.13 -2.01 -1.94 -1.83 -1.75 -1.64 -1.56 -1.49 -1.42 -1.34 -1.27
 -1.19 -1.12 -1.04 -0.97 -0.89 -0.85 -0.78 -0.71 -0.67 -0.59 -0.52 -0.48
 -0.41 -0.37 -0.29 -0.22 -0.18 -0.11 -0.07  0.    0.03  0.11  0.18  0.22
  0.29  0.33  0.41  0.44  0.52  0.59  0.63  0.71  0.78  0.85  0.93  0.97
  1.04  1.12  1.19  1.3   1.38  1.45  1.56  1.64  1.75  1.86  2.01  2.16
  2.35  2.54  2.84  3.28  4.14  5.38  6.5   7.47  8.33  9.08  9.79 10.57
 11.32 12.11 12.82 13.49 14.09 14.65 15.17 15.69 16.18 16.67 17.15 17.6
 18.12 18.65 19.32 20.22 21.56]",0,100.0,7,0,3,185641100200286864
89,Deciduous Forest,Forest,11,5,44.96132728973679,-73.7520018859202,200.2676,133311064.3901481,"[-3.62 -3.32 -3.06 -2.84 -2.61 -2.46 -2.31 -2.16 -2.05 -1.94 -1.83 -1.75
 -1.64 -1.56 -1.49 -1.42 -1.34 -1.27 -1.23 -1.15 -1.08 -1.04 -0.97 -0.93
 -0.85 -0.82 -0.74 -0.71 -0.67 -0.59 -0.56 -0.52 -0.44 -0.41 -0.37 -0.33
 -0.26 -0.22 -0.18 -0.14 -0.11 -0.03  0.    0.03  0.07  0.14  0.18  0.22
  0.26  0.33  0.37  0.41  0.44  0.52  0.56  0.59  0.67  0.71  0.78  0.82
  0.89  0.93  1.    1.08  1.12  1.19  1.27  1.34  1.45  1.53  1.64  1.75
  1.86  2.01  2.2   2.46  2.91  6.69  8.37 10.24 12.03 13.04 13.82 14.61
 15.39 16.14 16.82 17.41 17.94 18.46 18.91 19.36 19.73 20.1  20.44 20.78
 21.08 21.45 21.82 22.27 22.87]",0,100.0,7,0,3,185641100200286874
